collection,date,remark
ch.swisstopo.swisseo_s2-sr_v200,2015-01-01,No candidate scene
ch.swisstopo.swisseo_s2-sr_v200,2015-01-02,No candidate scene
ch.swisstopo.swisseo_s2-sr_v200,2015-01-03,No candidate scene
ch.swisstopo.swisseo_s2-sr_v200,2015-01-04,No candidate scene
ch.swisstopo.swisseo_s2-sr_v200,2015-01-05,No candidate scene
ch.swisstopo.swisseo_s2-sr_v200,2015-01-06,No candidate scene
ch.swisstopo.swisseo_s2-sr_v200,2015-01-07,No candidate scene
ch.swisstopo.swisseo_s2-sr_v200,2015-01-08,No candidate scene
ch.swisstopo.swisseo_s2-sr_v200,2015-01-09,No candidate scene
ch.swisstopo.swisseo_s2-sr_v200,2015-01-10,No candidate scene
ch.swisstopo.swisseo_s2-sr_v200,2015-01-11,No candidate scene
ch.swisstopo.swisseo_s2-sr_v200,2015-01-12,No candidate scene
ch.swisstopo.swisseo_s2-sr_v200,2015-01-13,No candidate scene
ch.swisstopo.swisseo_s2-sr_v200,2015-01-14,No candidate scene
ch.swisstopo.swisseo_s2-sr_v200,2015-01-15,No candidate scene
ch.swisstopo.swisseo_s2-sr_v200,2015-01-16,No candidate scene
ch.swisstopo.swisseo_s2-sr_v200,2015-01-17,No candidate scene
ch.swisstopo.swisseo_s2-sr_v200,2015-01-18,No candidate scene
ch.swisstopo.swisseo_s2-sr_v200,2015-01-19,No candidate scene
ch.swisstopo.swisseo_s2-sr_v200,2015-01-20,No candidate scene
ch.swisstopo.swisseo_s2-sr_v200,2015-01-21,No candidate scene
ch.swisstopo.swisseo_s2-sr_v200,2015-01-22,No candidate scene
ch.swisstopo.swisseo_s2-sr_v200,2015-01-23,No candidate scene
ch.swisstopo.swisseo_s2-sr_v200,2015-01-24,No candidate scene
ch.swisstopo.swisseo_s2-sr_v200,2015-01-25,No candidate scene
ch.swisstopo.swisseo_s2-sr_v200,2015-01-26,No candidate scene
ch.swisstopo.swisseo_s2-sr_v200,2015-01-27,No candidate scene
ch.swisstopo.swisseo_s2-sr_v200,2015-01-28,No candidate scene
ch.swisstopo.swisseo_s2-sr_v200,2015-01-29,No candidate scene
ch.swisstopo.swisseo_s2-sr_v200,2015-01-30,No candidate scene
ch.swisstopo.swisseo_s2-sr_v200,2015-01-31,No candidate scene
ch.swisstopo.swisseo_s2-sr_v200,2015-02-01,No candidate scene
ch.swisstopo.swisseo_s2-sr_v200,2015-02-02,No candidate scene
ch.swisstopo.swisseo_s2-sr_v200,2015-02-03,No candidate scene
ch.swisstopo.swisseo_s2-sr_v200,2015-02-04,No candidate scene
ch.swisstopo.swisseo_s2-sr_v200,2015-02-05,No candidate scene
ch.swisstopo.swisseo_s2-sr_v200,2015-02-06,No candidate scene
ch.swisstopo.swisseo_s2-sr_v200,2015-02-07,No candidate scene
ch.swisstopo.swisseo_s2-sr_v200,2015-02-08,No candidate scene
ch.swisstopo.swisseo_s2-sr_v200,2015-02-09,No candidate scene
ch.swisstopo.swisseo_s2-sr_v200,2015-02-10,No candidate scene
ch.swisstopo.swisseo_s2-sr_v200,2015-02-11,No candidate scene
ch.swisstopo.swisseo_s2-sr_v200,2015-02-12,No candidate scene
ch.swisstopo.swisseo_s2-sr_v200,2015-02-13,No candidate scene
ch.swisstopo.swisseo_s2-sr_v200,2015-02-14,No candidate scene
ch.swisstopo.swisseo_s2-sr_v200,2015-02-15,No candidate scene
ch.swisstopo.swisseo_s2-sr_v200,2015-02-16,No candidate scene
ch.swisstopo.swisseo_s2-sr_v200,2015-02-17,No candidate scene
ch.swisstopo.swisseo_s2-sr_v200,2015-02-18,No candidate scene
ch.swisstopo.swisseo_s2-sr_v200,2015-02-19,No candidate scene
ch.swisstopo.swisseo_s2-sr_v200,2015-02-20,No candidate scene
ch.swisstopo.swisseo_s2-sr_v200,2015-02-21,No candidate scene
ch.swisstopo.swisseo_s2-sr_v200,2015-02-22,No candidate scene
ch.swisstopo.swisseo_s2-sr_v200,2015-02-23,No candidate scene
ch.swisstopo.swisseo_s2-sr_v200,2015-02-24,No candidate scene
ch.swisstopo.swisseo_s2-sr_v200,2015-02-25,No candidate scene
ch.swisstopo.swisseo_s2-sr_v200,2015-02-26,No candidate scene
ch.swisstopo.swisseo_s2-sr_v200,2015-02-27,No candidate scene
ch.swisstopo.swisseo_s2-sr_v200,2015-02-28,No candidate scene
ch.swisstopo.swisseo_s2-sr_v200,2015-03-01,No candidate scene
ch.swisstopo.swisseo_s2-sr_v200,2015-03-02,No candidate scene
ch.swisstopo.swisseo_s2-sr_v200,2015-03-03,No candidate scene
ch.swisstopo.swisseo_s2-sr_v200,2015-03-04,No candidate scene
ch.swisstopo.swisseo_s2-sr_v200,2015-03-05,No candidate scene
ch.swisstopo.swisseo_s2-sr_v200,2015-03-06,No candidate scene
ch.swisstopo.swisseo_s2-sr_v200,2015-03-07,No candidate scene
ch.swisstopo.swisseo_s2-sr_v200,2015-03-08,No candidate scene
ch.swisstopo.swisseo_s2-sr_v200,2015-03-09,No candidate scene
ch.swisstopo.swisseo_s2-sr_v200,2015-03-10,No candidate scene
ch.swisstopo.swisseo_s2-sr_v200,2015-03-11,No candidate scene
ch.swisstopo.swisseo_s2-sr_v200,2015-03-12,No candidate scene
ch.swisstopo.swisseo_s2-sr_v200,2015-03-13,No candidate scene
ch.swisstopo.swisseo_s2-sr_v200,2015-03-14,No candidate scene
ch.swisstopo.swisseo_s2-sr_v200,2015-03-15,No candidate scene
ch.swisstopo.swisseo_s2-sr_v200,2015-03-16,No candidate scene
ch.swisstopo.swisseo_s2-sr_v200,2015-03-17,No candidate scene
ch.swisstopo.swisseo_s2-sr_v200,2015-03-18,No candidate scene
ch.swisstopo.swisseo_s2-sr_v200,2015-03-19,No candidate scene
ch.swisstopo.swisseo_s2-sr_v200,2015-03-20,No candidate scene
ch.swisstopo.swisseo_s2-sr_v200,2015-03-21,No candidate scene
ch.swisstopo.swisseo_s2-sr_v200,2015-03-22,No candidate scene
ch.swisstopo.swisseo_s2-sr_v200,2015-03-23,No candidate scene
ch.swisstopo.swisseo_s2-sr_v200,2015-03-24,No candidate scene
ch.swisstopo.swisseo_s2-sr_v200,2015-03-25,No candidate scene
ch.swisstopo.swisseo_s2-sr_v200,2015-03-26,No candidate scene
ch.swisstopo.swisseo_s2-sr_v200,2015-03-27,No candidate scene
ch.swisstopo.swisseo_s2-sr_v200,2015-03-28,No candidate scene
ch.swisstopo.swisseo_s2-sr_v200,2015-03-29,No candidate scene
ch.swisstopo.swisseo_s2-sr_v200,2015-03-30,No candidate scene
ch.swisstopo.swisseo_s2-sr_v200,2015-03-31,No candidate scene
ch.swisstopo.swisseo_s2-sr_v200,2015-04-01,No candidate scene
ch.swisstopo.swisseo_s2-sr_v200,2015-04-02,No candidate scene
ch.swisstopo.swisseo_s2-sr_v200,2015-04-03,No candidate scene
ch.swisstopo.swisseo_s2-sr_v200,2015-04-04,No candidate scene
ch.swisstopo.swisseo_s2-sr_v200,2015-04-05,No candidate scene
ch.swisstopo.swisseo_s2-sr_v200,2015-04-06,No candidate scene
ch.swisstopo.swisseo_s2-sr_v200,2015-04-07,No candidate scene
ch.swisstopo.swisseo_s2-sr_v200,2015-04-08,No candidate scene
ch.swisstopo.swisseo_s2-sr_v200,2015-04-09,No candidate scene
ch.swisstopo.swisseo_s2-sr_v200,2015-04-10,No candidate scene
ch.swisstopo.swisseo_s2-sr_v200,2015-04-11,No candidate scene
ch.swisstopo.swisseo_s2-sr_v200,2015-04-12,No candidate scene
ch.swisstopo.swisseo_s2-sr_v200,2015-04-13,No candidate scene
ch.swisstopo.swisseo_s2-sr_v200,2015-04-14,No candidate scene
ch.swisstopo.swisseo_s2-sr_v200,2015-04-15,No candidate scene
ch.swisstopo.swisseo_s2-sr_v200,2015-04-16,No candidate scene
ch.swisstopo.swisseo_s2-sr_v200,2015-04-17,No candidate scene
ch.swisstopo.swisseo_s2-sr_v200,2015-04-18,No candidate scene
ch.swisstopo.swisseo_s2-sr_v200,2015-04-19,No candidate scene
ch.swisstopo.swisseo_s2-sr_v200,2015-04-20,No candidate scene
ch.swisstopo.swisseo_s2-sr_v200,2015-04-21,No candidate scene
ch.swisstopo.swisseo_s2-sr_v200,2015-04-22,No candidate scene
ch.swisstopo.swisseo_s2-sr_v200,2015-04-23,No candidate scene
ch.swisstopo.swisseo_s2-sr_v200,2015-04-24,No candidate scene
ch.swisstopo.swisseo_s2-sr_v200,2015-04-25,No candidate scene
ch.swisstopo.swisseo_s2-sr_v200,2015-04-26,No candidate scene
ch.swisstopo.swisseo_s2-sr_v200,2015-04-27,No candidate scene
ch.swisstopo.swisseo_s2-sr_v200,2015-04-28,No candidate scene
ch.swisstopo.swisseo_s2-sr_v200,2015-04-29,No candidate scene
ch.swisstopo.swisseo_s2-sr_v200,2015-04-30,No candidate scene
ch.swisstopo.swisseo_s2-sr_v200,2015-05-01,No candidate scene
ch.swisstopo.swisseo_s2-sr_v200,2015-05-02,No candidate scene
ch.swisstopo.swisseo_s2-sr_v200,2015-05-03,No candidate scene
ch.swisstopo.swisseo_s2-sr_v200,2015-05-04,No candidate scene
ch.swisstopo.swisseo_s2-sr_v200,2015-05-05,No candidate scene
ch.swisstopo.swisseo_s2-sr_v200,2015-05-06,No candidate scene
ch.swisstopo.swisseo_s2-sr_v200,2015-05-07,No candidate scene
ch.swisstopo.swisseo_s2-sr_v200,2015-05-08,No candidate scene
ch.swisstopo.swisseo_s2-sr_v200,2015-05-09,No candidate scene
ch.swisstopo.swisseo_s2-sr_v200,2015-05-10,No candidate scene
ch.swisstopo.swisseo_s2-sr_v200,2015-05-11,No candidate scene
ch.swisstopo.swisseo_s2-sr_v200,2015-05-12,No candidate scene
ch.swisstopo.swisseo_s2-sr_v200,2015-05-13,No candidate scene
ch.swisstopo.swisseo_s2-sr_v200,2015-05-14,No candidate scene
ch.swisstopo.swisseo_s2-sr_v200,2015-05-15,No candidate scene
ch.swisstopo.swisseo_s2-sr_v200,2015-05-16,No candidate scene
ch.swisstopo.swisseo_s2-sr_v200,2015-05-17,No candidate scene
ch.swisstopo.swisseo_s2-sr_v200,2015-05-18,No candidate scene
ch.swisstopo.swisseo_s2-sr_v200,2015-05-19,No candidate scene
ch.swisstopo.swisseo_s2-sr_v200,2015-05-20,No candidate scene
ch.swisstopo.swisseo_s2-sr_v200,2015-05-21,No candidate scene
ch.swisstopo.swisseo_s2-sr_v200,2015-05-22,No candidate scene
ch.swisstopo.swisseo_s2-sr_v200,2015-05-23,No candidate scene
ch.swisstopo.swisseo_s2-sr_v200,2015-05-24,No candidate scene
ch.swisstopo.swisseo_s2-sr_v200,2015-05-25,No candidate scene
ch.swisstopo.swisseo_s2-sr_v200,2015-05-26,No candidate scene
ch.swisstopo.swisseo_s2-sr_v200,2015-05-27,No candidate scene
ch.swisstopo.swisseo_s2-sr_v200,2015-05-28,No candidate scene
ch.swisstopo.swisseo_s2-sr_v200,2015-05-29,No candidate scene
ch.swisstopo.swisseo_s2-sr_v200,2015-05-30,No candidate scene
ch.swisstopo.swisseo_s2-sr_v200,2015-05-31,No candidate scene
ch.swisstopo.swisseo_s2-sr_v200,2015-06-01,No candidate scene
ch.swisstopo.swisseo_s2-sr_v200,2015-06-02,No candidate scene
ch.swisstopo.swisseo_s2-sr_v200,2015-06-03,No candidate scene
ch.swisstopo.swisseo_s2-sr_v200,2015-06-04,No candidate scene
ch.swisstopo.swisseo_s2-sr_v200,2015-06-05,No candidate scene
ch.swisstopo.swisseo_s2-sr_v200,2015-06-06,No candidate scene
ch.swisstopo.swisseo_s2-sr_v200,2015-06-07,No candidate scene
ch.swisstopo.swisseo_s2-sr_v200,2015-06-08,No candidate scene
ch.swisstopo.swisseo_s2-sr_v200,2015-06-09,No candidate scene
ch.swisstopo.swisseo_s2-sr_v200,2015-06-10,No candidate scene
ch.swisstopo.swisseo_s2-sr_v200,2015-06-11,No candidate scene
ch.swisstopo.swisseo_s2-sr_v200,2015-06-12,No candidate scene
ch.swisstopo.swisseo_s2-sr_v200,2015-06-13,No candidate scene
ch.swisstopo.swisseo_s2-sr_v200,2015-06-14,No candidate scene
ch.swisstopo.swisseo_s2-sr_v200,2015-06-15,No candidate scene
ch.swisstopo.swisseo_s2-sr_v200,2015-06-16,No candidate scene
ch.swisstopo.swisseo_s2-sr_v200,2015-06-17,No candidate scene
ch.swisstopo.swisseo_s2-sr_v200,2015-06-18,No candidate scene
ch.swisstopo.swisseo_s2-sr_v200,2015-06-19,No candidate scene
ch.swisstopo.swisseo_s2-sr_v200,2015-06-20,No candidate scene
ch.swisstopo.swisseo_s2-sr_v200,2015-06-21,No candidate scene
ch.swisstopo.swisseo_s2-sr_v200,2015-06-22,No candidate scene
ch.swisstopo.swisseo_s2-sr_v200,2015-06-23,No candidate scene
ch.swisstopo.swisseo_s2-sr_v200,2015-06-24,No candidate scene
ch.swisstopo.swisseo_s2-sr_v200,2015-06-25,No candidate scene
ch.swisstopo.swisseo_s2-sr_v200,2015-06-26,No candidate scene
ch.swisstopo.swisseo_s2-sr_v200,2015-06-27,No candidate scene
ch.swisstopo.swisseo_s2-sr_v200,2015-06-28,No candidate scene
ch.swisstopo.swisseo_s2-sr_v200,2015-06-29,No candidate scene
ch.swisstopo.swisseo_s2-sr_v200,2015-06-30,No candidate scene
ch.swisstopo.swisseo_s2-sr_v200,2015-07-01,No candidate scene
ch.swisstopo.swisseo_s2-sr_v200,2015-07-02,No candidate scene
ch.swisstopo.swisseo_s2-sr_v200,2015-07-03,No candidate scene
ch.swisstopo.swisseo_s2-sr_v200,2015-07-05,No candidate scene
ch.swisstopo.swisseo_s2-sr_v200,2015-07-06,No candidate scene
ch.swisstopo.swisseo_s2-sr_v200,2015-07-07,No candidate scene
ch.swisstopo.swisseo_s2-sr_v200,2015-07-08,No candidate scene
ch.swisstopo.swisseo_s2-sr_v200,2015-07-09,No candidate scene
ch.swisstopo.swisseo_s2-sr_v200,2015-07-10,No candidate scene
ch.swisstopo.swisseo_s2-sr_v200,2015-07-11,No candidate scene
ch.swisstopo.swisseo_s2-sr_v200,2015-07-12,No candidate scene
ch.swisstopo.swisseo_s2-sr_v200,2015-07-13,No candidate scene
ch.swisstopo.swisseo_s2-sr_v200,2015-07-14,No candidate scene
ch.swisstopo.swisseo_s2-sr_v200,2015-07-15,No candidate scene
ch.swisstopo.swisseo_s2-sr_v200,2015-07-16,No candidate scene
ch.swisstopo.swisseo_s2-sr_v200,2015-07-17,No candidate scene
ch.swisstopo.swisseo_s2-sr_v200,2015-07-18,No candidate scene
ch.swisstopo.swisseo_s2-sr_v200,2015-07-19,No candidate scene
ch.swisstopo.swisseo_s2-sr_v200,2015-07-20,No candidate scene
ch.swisstopo.swisseo_s2-sr_v200,2015-07-21,No candidate scene
ch.swisstopo.swisseo_s2-sr_v200,2015-07-22,No candidate scene
ch.swisstopo.swisseo_s2-sr_v200,2015-07-23,No candidate scene
ch.swisstopo.swisseo_s2-sr_v200,2015-07-24,Tile upload incomplete
ch.swisstopo.swisseo_s2-sr_v200,2015-07-25,No candidate scene
ch.swisstopo.swisseo_s2-sr_v200,2015-07-26,No candidate scene
ch.swisstopo.swisseo_s2-sr_v200,2015-07-27,No candidate scene
ch.swisstopo.swisseo_s2-sr_v200,2015-07-28,No candidate scene
ch.swisstopo.swisseo_s2-sr_v200,2015-07-29,No candidate scene
ch.swisstopo.swisseo_s2-sr_v200,2015-07-31,No candidate scene
ch.swisstopo.swisseo_s2-sr_v200,2015-08-01,No candidate scene
ch.swisstopo.swisseo_s2-sr_v200,2015-08-03,Tile upload incomplete
ch.swisstopo.swisseo_s2-sr_v200,2015-08-04,No candidate scene
ch.swisstopo.swisseo_s2-sr_v200,2015-08-05,No candidate scene
ch.swisstopo.swisseo_s2-sr_v200,2015-08-07,No candidate scene
ch.swisstopo.swisseo_s2-sr_v200,2015-08-08,No candidate scene
ch.swisstopo.swisseo_s2-sr_v200,2015-08-10,No candidate scene
ch.swisstopo.swisseo_s2-sr_v200,2015-08-11,No candidate scene
ch.swisstopo.swisseo_s2-sr_v200,2015-08-13,Tile upload incomplete
ch.swisstopo.swisseo_s2-sr_v200,2015-08-14,No candidate scene
ch.swisstopo.swisseo_s2-sr_v200,2015-08-15,No candidate scene
ch.swisstopo.swisseo_s2-sr_v200,2015-08-16,cloudy
ch.swisstopo.swisseo_s2-sr_v200,2015-08-17,No candidate scene
ch.swisstopo.swisseo_s2-sr_v200,2015-08-18,No candidate scene
ch.swisstopo.swisseo_s2-sr_v200,2015-08-19,cloudy
ch.swisstopo.swisseo_s2-sr_v200,2015-08-20,No candidate scene
ch.swisstopo.swisseo_s2-sr_v200,2015-08-21,No candidate scene
ch.swisstopo.swisseo_s2-sr_v200,2015-08-23,Tile upload incomplete
ch.swisstopo.swisseo_s2-sr_v200,2015-08-24,No candidate scene
ch.swisstopo.swisseo_s2-sr_v200,2015-08-25,No candidate scene
ch.swisstopo.swisseo_s2-sr_v200,2015-08-27,No candidate scene
ch.swisstopo.swisseo_s2-sr_v200,2015-08-28,No candidate scene
ch.swisstopo.swisseo_s2-sr_v200,2015-08-30,No candidate scene
ch.swisstopo.swisseo_s2-sr_v200,2015-08-31,No candidate scene
ch.swisstopo.swisseo_s2-sr_v200,2015-09-01,No candidate scene
ch.swisstopo.swisseo_s2-sr_v200,2015-09-02,Tile upload incomplete
ch.swisstopo.swisseo_s2-sr_v200,2015-09-03,No candidate scene
ch.swisstopo.swisseo_s2-sr_v200,2015-09-04,No candidate scene
ch.swisstopo.swisseo_s2-sr_v200,2015-09-05,No candidate scene
ch.swisstopo.swisseo_s2-sr_v200,2015-09-06,No candidate scene
ch.swisstopo.swisseo_s2-sr_v200,2015-09-07,No candidate scene
ch.swisstopo.swisseo_s2-sr_v200,2015-09-09,No candidate scene
ch.swisstopo.swisseo_s2-sr_v200,2015-09-10,No candidate scene
ch.swisstopo.swisseo_s2-sr_v200,2015-09-12,Tile upload incomplete
ch.swisstopo.swisseo_s2-sr_v200,2015-09-13,No candidate scene
ch.swisstopo.swisseo_s2-sr_v200,2015-09-14,No candidate scene
ch.swisstopo.swisseo_s2-sr_v200,2015-09-16,No candidate scene
ch.swisstopo.swisseo_s2-sr_v200,2015-09-17,No candidate scene
ch.swisstopo.swisseo_s2-sr_v200,2015-09-19,No candidate scene
ch.swisstopo.swisseo_s2-sr_v200,2015-09-20,No candidate scene
ch.swisstopo.swisseo_s2-sr_v200,2015-09-21,No candidate scene
ch.swisstopo.swisseo_s2-sr_v200,2015-09-22,No candidate scene
ch.swisstopo.swisseo_s2-sr_v200,2015-09-23,No candidate scene
ch.swisstopo.swisseo_s2-sr_v200,2015-09-24,No candidate scene
ch.swisstopo.swisseo_s2-sr_v200,2015-09-26,No candidate scene
ch.swisstopo.swisseo_s2-sr_v200,2015-09-27,No candidate scene
ch.swisstopo.swisseo_s2-sr_v200,2015-09-29,No candidate scene
ch.swisstopo.swisseo_s2-sr_v200,2015-09-30,No candidate scene
ch.swisstopo.swisseo_s2-sr_v200,2015-10-02,No candidate scene
ch.swisstopo.swisseo_s2-sr_v200,2015-10-03,No candidate scene
ch.swisstopo.swisseo_s2-sr_v200,2015-10-04,No candidate scene
ch.swisstopo.swisseo_s2-sr_v200,2015-10-05,No candidate scene
ch.swisstopo.swisseo_s2-sr_v200,2015-10-06,No candidate scene
ch.swisstopo.swisseo_s2-sr_v200,2015-10-07,No candidate scene
ch.swisstopo.swisseo_s2-sr_v200,2015-10-08,No candidate scene
ch.swisstopo.swisseo_s2-sr_v200,2015-10-09,No candidate scene
ch.swisstopo.swisseo_s2-sr_v200,2015-10-10,No candidate scene
ch.swisstopo.swisseo_s2-sr_v200,2015-10-11,No candidate scene
ch.swisstopo.swisseo_s2-sr_v200,2015-10-12,No candidate scene
ch.swisstopo.swisseo_s2-sr_v200,2015-10-13,No candidate scene
ch.swisstopo.swisseo_s2-sr_v200,2015-10-14,No candidate scene
ch.swisstopo.swisseo_s2-sr_v200,2015-10-15,No candidate scene
ch.swisstopo.swisseo_s2-sr_v200,2015-10-16,No candidate scene
ch.swisstopo.swisseo_s2-sr_v200,2015-10-17,No candidate scene
ch.swisstopo.swisseo_s2-sr_v200,2015-10-18,No candidate scene
ch.swisstopo.swisseo_s2-sr_v200,2015-10-19,No candidate scene
ch.swisstopo.swisseo_s2-sr_v200,2015-10-20,No candidate scene
ch.swisstopo.swisseo_s2-sr_v200,2015-10-23,No candidate scene
ch.swisstopo.swisseo_s2-sr_v200,2015-10-24,No candidate scene
ch.swisstopo.swisseo_s2-sr_v200,2015-10-25,No candidate scene
ch.swisstopo.swisseo_s2-sr_v200,2015-10-26,No candidate scene
ch.swisstopo.swisseo_s2-sr_v200,2015-10-27,No candidate scene
ch.swisstopo.swisseo_s2-sr_v200,2015-10-28,No candidate scene
ch.swisstopo.swisseo_s2-sr_v200,2015-10-29,No candidate scene
ch.swisstopo.swisseo_s2-sr_v200,2015-10-30,No candidate scene
ch.swisstopo.swisseo_s2-sr_v200,2015-10-31,No candidate scene
ch.swisstopo.swisseo_s2-sr_v200,2015-11-01,No candidate scene
ch.swisstopo.swisseo_s2-sr_v200,2015-11-02,No candidate scene
ch.swisstopo.swisseo_s2-sr_v200,2015-11-03,No candidate scene
ch.swisstopo.swisseo_s2-sr_v200,2015-11-04,No candidate scene
ch.swisstopo.swisseo_s2-sr_v200,2015-11-05,No candidate scene
ch.swisstopo.swisseo_s2-sr_v200,2015-11-06,No candidate scene
ch.swisstopo.swisseo_s2-sr_v200,2015-11-07,No candidate scene
ch.swisstopo.swisseo_s2-sr_v200,2015-11-08,No candidate scene
ch.swisstopo.swisseo_s2-sr_v200,2015-11-09,No candidate scene
ch.swisstopo.swisseo_s2-sr_v200,2015-11-10,No candidate scene
ch.swisstopo.swisseo_s2-sr_v200,2015-11-11,No candidate scene
ch.swisstopo.swisseo_s2-sr_v200,2015-11-12,No candidate scene
ch.swisstopo.swisseo_s2-sr_v200,2015-11-13,No candidate scene
ch.swisstopo.swisseo_s2-sr_v200,2015-11-15,No candidate scene
ch.swisstopo.swisseo_s2-sr_v200,2015-11-16,No candidate scene
ch.swisstopo.swisseo_s2-sr_v200,2015-11-18,No candidate scene
ch.swisstopo.swisseo_s2-sr_v200,2015-11-19,No candidate scene
ch.swisstopo.swisseo_s2-sr_v200,2015-11-20,cloudy
ch.swisstopo.swisseo_s2-sr_v200,2015-11-22,No candidate scene
ch.swisstopo.swisseo_s2-sr_v200,2015-11-23,No candidate scene
ch.swisstopo.swisseo_s2-sr_v200,2015-11-25,No candidate scene
ch.swisstopo.swisseo_s2-sr_v200,2015-11-26,No candidate scene
ch.swisstopo.swisseo_s2-sr_v200,2015-11-28,No candidate scene
ch.swisstopo.swisseo_s2-sr_v200,2015-11-29,No candidate scene
ch.swisstopo.swisseo_s2-sr_v200,2015-11-30,cloudy
ch.swisstopo.swisseo_s2-sr_v200,2015-12-01,No candidate scene
ch.swisstopo.swisseo_s2-sr_v200,2015-12-02,No candidate scene
ch.swisstopo.swisseo_s2-sr_v200,2015-12-03,No candidate scene
ch.swisstopo.swisseo_s2-sr_v200,2015-12-05,No candidate scene
ch.swisstopo.swisseo_s2-sr_v200,2015-12-06,No candidate scene
ch.swisstopo.swisseo_s2-sr_v200,2015-12-08,No candidate scene
ch.swisstopo.swisseo_s2-sr_v200,2015-12-09,No candidate scene
ch.swisstopo.swisseo_s2-sr_v200,2015-12-10,No candidate scene
ch.swisstopo.swisseo_s2-sr_v200,2015-12-12,No candidate scene
ch.swisstopo.swisseo_s2-sr_v200,2015-12-13,No candidate scene
ch.swisstopo.swisseo_s2-sr_v200,2015-12-14,No candidate scene
ch.swisstopo.swisseo_s2-sr_v200,2015-12-15,No candidate scene
ch.swisstopo.swisseo_s2-sr_v200,2015-12-16,No candidate scene
ch.swisstopo.swisseo_s2-sr_v200,2015-12-18,No candidate scene
ch.swisstopo.swisseo_s2-sr_v200,2015-12-19,No candidate scene
ch.swisstopo.swisseo_s2-sr_v200,2015-12-20,No candidate scene
ch.swisstopo.swisseo_s2-sr_v200,2015-12-22,No candidate scene
ch.swisstopo.swisseo_s2-sr_v200,2015-12-23,No candidate scene
ch.swisstopo.swisseo_s2-sr_v200,2015-12-25,No candidate scene
ch.swisstopo.swisseo_s2-sr_v200,2015-12-26,No candidate scene
ch.swisstopo.swisseo_s2-sr_v200,2015-12-28,No candidate scene
ch.swisstopo.swisseo_s2-sr_v200,2015-12-29,No candidate scene
ch.swisstopo.swisseo_s2-sr_v200,2015-12-31,cloudy
ch.swisstopo.swisseo_s2-sr_v200,2016-01-01,No candidate scene
ch.swisstopo.swisseo_s2-sr_v200,2016-01-02,No candidate scene
ch.swisstopo.swisseo_s2-sr_v200,2016-01-04,No candidate scene
ch.swisstopo.swisseo_s2-sr_v200,2016-01-05,No candidate scene
ch.swisstopo.swisseo_s2-sr_v200,2016-01-07,No candidate scene
ch.swisstopo.swisseo_s2-sr_v200,2016-01-08,No candidate scene
ch.swisstopo.swisseo_s2-sr_v200,2016-01-09,No candidate scene
ch.swisstopo.swisseo_s2-sr_v200,2016-01-11,No candidate scene
ch.swisstopo.swisseo_s2-sr_v200,2016-01-12,No candidate scene
ch.swisstopo.swisseo_s2-sr_v200,2016-01-14,No candidate scene
ch.swisstopo.swisseo_s2-sr_v200,2016-01-15,No candidate scene
ch.swisstopo.swisseo_s2-sr_v200,2016-01-17,No candidate scene
ch.swisstopo.swisseo_s2-sr_v200,2016-01-18,No candidate scene
ch.swisstopo.swisseo_s2-sr_v200,2016-01-19,cloudy
ch.swisstopo.swisseo_s2-sr_v200,2016-01-21,No candidate scene
ch.swisstopo.swisseo_s2-sr_v200,2016-01-22,No candidate scene
ch.swisstopo.swisseo_s2-sr_v200,2016-01-24,No candidate scene
ch.swisstopo.swisseo_s2-sr_v200,2016-01-25,No candidate scene
ch.swisstopo.swisseo_s2-sr_v200,2016-01-27,No candidate scene
ch.swisstopo.swisseo_s2-sr_v200,2016-01-28,No candidate scene
ch.swisstopo.swisseo_s2-sr_v200,2016-01-30,Tile upload incomplete
ch.swisstopo.swisseo_s2-sr_v200,2016-01-31,No candidate scene
ch.swisstopo.swisseo_s2-sr_v200,2016-02-01,No candidate scene
ch.swisstopo.swisseo_s2-sr_v200,2016-02-03,No candidate scene
ch.swisstopo.swisseo_s2-sr_v200,2016-02-04,No candidate scene
ch.swisstopo.swisseo_s2-sr_v200,2016-02-06,No candidate scene
ch.swisstopo.swisseo_s2-sr_v200,2016-02-07,No candidate scene
ch.swisstopo.swisseo_s2-sr_v200,2016-02-08,No candidate scene
ch.swisstopo.swisseo_s2-sr_v200,2016-02-10,No candidate scene
ch.swisstopo.swisseo_s2-sr_v200,2016-02-11,No candidate scene
ch.swisstopo.swisseo_s2-sr_v200,2016-02-13,No candidate scene
ch.swisstopo.swisseo_s2-sr_v200,2016-02-14,No candidate scene
ch.swisstopo.swisseo_s2-sr_v200,2016-02-16,No candidate scene
ch.swisstopo.swisseo_s2-sr_v200,2016-02-17,No candidate scene
ch.swisstopo.swisseo_s2-sr_v200,2016-02-18,cloudy
ch.swisstopo.swisseo_s2-sr_v200,2016-02-19,Tile upload incomplete
ch.swisstopo.swisseo_s2-sr_v200,2016-02-20,No candidate scene
ch.swisstopo.swisseo_s2-sr_v200,2016-02-21,No candidate scene
ch.swisstopo.swisseo_s2-sr_v200,2016-02-22,No candidate scene
ch.swisstopo.swisseo_s2-sr_v200,2016-02-23,No candidate scene
ch.swisstopo.swisseo_s2-sr_v200,2016-02-24,No candidate scene
ch.swisstopo.swisseo_s2-sr_v200,2016-02-25,No candidate scene
ch.swisstopo.swisseo_s2-sr_v200,2016-02-26,No candidate scene
ch.swisstopo.swisseo_s2-sr_v200,2016-02-27,No candidate scene
ch.swisstopo.swisseo_s2-sr_v200,2016-02-28,No candidate scene
ch.swisstopo.swisseo_s2-sr_v200,2016-02-29,cloudy
ch.swisstopo.swisseo_s2-sr_v200,2016-03-01,No candidate scene
ch.swisstopo.swisseo_s2-sr_v200,2016-03-02,No candidate scene
ch.swisstopo.swisseo_s2-sr_v200,2016-03-04,No candidate scene
ch.swisstopo.swisseo_s2-sr_v200,2016-03-05,No candidate scene
ch.swisstopo.swisseo_s2-sr_v200,2016-03-07,No candidate scene
ch.swisstopo.swisseo_s2-sr_v200,2016-03-08,No candidate scene
ch.swisstopo.swisseo_s2-sr_v200,2016-03-11,No candidate scene
ch.swisstopo.swisseo_s2-sr_v200,2016-03-12,No candidate scene
ch.swisstopo.swisseo_s2-sr_v200,2016-03-14,No candidate scene
ch.swisstopo.swisseo_s2-sr_v200,2016-03-15,No candidate scene
ch.swisstopo.swisseo_s2-sr_v200,2016-03-16,No candidate scene
ch.swisstopo.swisseo_s2-sr_v200,2016-03-17,No candidate scene
ch.swisstopo.swisseo_s2-sr_v200,2016-03-18,No candidate scene
ch.swisstopo.swisseo_s2-sr_v200,2016-03-20,Tile upload incomplete
ch.swisstopo.swisseo_s2-sr_v200,2016-03-21,No candidate scene
ch.swisstopo.swisseo_s2-sr_v200,2016-03-22,No candidate scene
ch.swisstopo.swisseo_s2-sr_v200,2016-03-24,No candidate scene
ch.swisstopo.swisseo_s2-sr_v200,2016-03-25,No candidate scene
ch.swisstopo.swisseo_s2-sr_v200,2016-03-27,No candidate scene
ch.swisstopo.swisseo_s2-sr_v200,2016-03-28,No candidate scene
ch.swisstopo.swisseo_s2-sr_v200,2016-03-29,cloudy
ch.swisstopo.swisseo_s2-sr_v200,2016-03-30,Tile upload incomplete
ch.swisstopo.swisseo_s2-sr_v200,2016-03-31,No candidate scene
ch.swisstopo.swisseo_s2-sr_v200,2016-04-01,No candidate scene
ch.swisstopo.swisseo_s2-sr_v200,2016-04-03,No candidate scene
ch.swisstopo.swisseo_s2-sr_v200,2016-04-04,No candidate scene
ch.swisstopo.swisseo_s2-sr_v200,2016-04-06,No candidate scene
ch.swisstopo.swisseo_s2-sr_v200,2016-04-07,No candidate scene
ch.swisstopo.swisseo_s2-sr_v200,2016-04-08,cloudy
ch.swisstopo.swisseo_s2-sr_v200,2016-04-09,Tile upload incomplete
ch.swisstopo.swisseo_s2-sr_v200,2016-04-10,No candidate scene
ch.swisstopo.swisseo_s2-sr_v200,2016-04-11,No candidate scene
ch.swisstopo.swisseo_s2-sr_v200,2016-04-13,No candidate scene
ch.swisstopo.swisseo_s2-sr_v200,2016-04-14,No candidate scene
ch.swisstopo.swisseo_s2-sr_v200,2016-04-15,cloudy
ch.swisstopo.swisseo_s2-sr_v200,2016-04-16,No candidate scene
ch.swisstopo.swisseo_s2-sr_v200,2016-04-17,No candidate scene
ch.swisstopo.swisseo_s2-sr_v200,2016-04-18,cloudy
ch.swisstopo.swisseo_s2-sr_v200,2016-04-20,No candidate scene
ch.swisstopo.swisseo_s2-sr_v200,2016-04-21,No candidate scene
ch.swisstopo.swisseo_s2-sr_v200,2016-04-23,No candidate scene
ch.swisstopo.swisseo_s2-sr_v200,2016-04-24,No candidate scene
ch.swisstopo.swisseo_s2-sr_v200,2016-04-26,No candidate scene
ch.swisstopo.swisseo_s2-sr_v200,2016-04-27,No candidate scene
ch.swisstopo.swisseo_s2-sr_v200,2016-04-30,No candidate scene
ch.swisstopo.swisseo_s2-sr_v200,2016-05-01,No candidate scene
ch.swisstopo.swisseo_s2-sr_v200,2016-05-03,No candidate scene
ch.swisstopo.swisseo_s2-sr_v200,2016-05-04,No candidate scene
ch.swisstopo.swisseo_s2-sr_v200,2016-05-06,No candidate scene
ch.swisstopo.swisseo_s2-sr_v200,2016-05-07,No candidate scene
ch.swisstopo.swisseo_s2-sr_v200,2016-05-09,cloudy
ch.swisstopo.swisseo_s2-sr_v200,2016-05-10,No candidate scene
ch.swisstopo.swisseo_s2-sr_v200,2016-05-11,No candidate scene
ch.swisstopo.swisseo_s2-sr_v200,2016-05-13,No candidate scene
ch.swisstopo.swisseo_s2-sr_v200,2016-05-14,No candidate scene
ch.swisstopo.swisseo_s2-sr_v200,2016-05-16,No candidate scene
ch.swisstopo.swisseo_s2-sr_v200,2016-05-17,No candidate scene
ch.swisstopo.swisseo_s2-sr_v200,2016-05-19,cloudy
ch.swisstopo.swisseo_s2-sr_v200,2016-05-20,No candidate scene
ch.swisstopo.swisseo_s2-sr_v200,2016-05-21,No candidate scene
ch.swisstopo.swisseo_s2-sr_v200,2016-05-23,No candidate scene
ch.swisstopo.swisseo_s2-sr_v200,2016-05-24,No candidate scene
ch.swisstopo.swisseo_s2-sr_v200,2016-05-26,No candidate scene
ch.swisstopo.swisseo_s2-sr_v200,2016-05-27,No candidate scene
ch.swisstopo.swisseo_s2-sr_v200,2016-05-29,cloudy
ch.swisstopo.swisseo_s2-sr_v200,2016-05-30,No candidate scene
ch.swisstopo.swisseo_s2-sr_v200,2016-05-31,No candidate scene
ch.swisstopo.swisseo_s2-sr_v200,2016-06-01,No candidate scene
ch.swisstopo.swisseo_s2-sr_v200,2016-06-02,No candidate scene
ch.swisstopo.swisseo_s2-sr_v200,2016-06-03,No candidate scene
ch.swisstopo.swisseo_s2-sr_v200,2016-06-05,No candidate scene
ch.swisstopo.swisseo_s2-sr_v200,2016-06-06,No candidate scene
ch.swisstopo.swisseo_s2-sr_v200,2016-06-08,cloudy
ch.swisstopo.swisseo_s2-sr_v200,2016-06-09,No candidate scene
ch.swisstopo.swisseo_s2-sr_v200,2016-06-10,No candidate scene
ch.swisstopo.swisseo_s2-sr_v200,2016-06-12,No candidate scene
ch.swisstopo.swisseo_s2-sr_v200,2016-06-13,No candidate scene
ch.swisstopo.swisseo_s2-sr_v200,2016-06-15,No candidate scene
ch.swisstopo.swisseo_s2-sr_v200,2016-06-16,No candidate scene
ch.swisstopo.swisseo_s2-sr_v200,2016-06-17,No candidate scene
ch.swisstopo.swisseo_s2-sr_v200,2016-06-18,Tile upload incomplete
ch.swisstopo.swisseo_s2-sr_v200,2016-06-19,No candidate scene
ch.swisstopo.swisseo_s2-sr_v200,2016-06-20,No candidate scene
ch.swisstopo.swisseo_s2-sr_v200,2016-06-22,No candidate scene
ch.swisstopo.swisseo_s2-sr_v200,2016-06-23,No candidate scene
ch.swisstopo.swisseo_s2-sr_v200,2016-06-25,No candidate scene
ch.swisstopo.swisseo_s2-sr_v200,2016-06-26,No candidate scene
ch.swisstopo.swisseo_s2-sr_v200,2016-06-28,Tile upload incomplete
ch.swisstopo.swisseo_s2-sr_v200,2016-06-29,No candidate scene
ch.swisstopo.swisseo_s2-sr_v200,2016-06-30,No candidate scene
ch.swisstopo.swisseo_s2-sr_v200,2016-07-02,No candidate scene
ch.swisstopo.swisseo_s2-sr_v200,2016-07-03,No candidate scene
ch.swisstopo.swisseo_s2-sr_v200,2016-07-04,No candidate scene
ch.swisstopo.swisseo_s2-sr_v200,2016-07-05,No candidate scene
ch.swisstopo.swisseo_s2-sr_v200,2016-07-06,No candidate scene
ch.swisstopo.swisseo_s2-sr_v200,2016-07-09,No candidate scene
ch.swisstopo.swisseo_s2-sr_v200,2016-07-10,No candidate scene
ch.swisstopo.swisseo_s2-sr_v200,2016-07-12,No candidate scene
ch.swisstopo.swisseo_s2-sr_v200,2016-07-13,No candidate scene
ch.swisstopo.swisseo_s2-sr_v200,2016-07-15,No candidate scene
ch.swisstopo.swisseo_s2-sr_v200,2016-07-16,No candidate scene
ch.swisstopo.swisseo_s2-sr_v200,2016-07-19,No candidate scene
ch.swisstopo.swisseo_s2-sr_v200,2016-07-20,No candidate scene
ch.swisstopo.swisseo_s2-sr_v200,2016-07-22,No candidate scene
ch.swisstopo.swisseo_s2-sr_v200,2016-07-23,No candidate scene
ch.swisstopo.swisseo_s2-sr_v200,2016-07-25,No candidate scene
ch.swisstopo.swisseo_s2-sr_v200,2016-07-26,No candidate scene
ch.swisstopo.swisseo_s2-sr_v200,2016-07-28,cloudy
ch.swisstopo.swisseo_s2-sr_v200,2016-07-29,No candidate scene
ch.swisstopo.swisseo_s2-sr_v200,2016-07-30,No candidate scene
ch.swisstopo.swisseo_s2-sr_v200,2016-08-01,No candidate scene
ch.swisstopo.swisseo_s2-sr_v200,2016-08-02,No candidate scene
ch.swisstopo.swisseo_s2-sr_v200,2016-08-04,No candidate scene
ch.swisstopo.swisseo_s2-sr_v200,2016-08-05,No candidate scene
ch.swisstopo.swisseo_s2-sr_v200,2016-08-08,No candidate scene
ch.swisstopo.swisseo_s2-sr_v200,2016-08-09,No candidate scene
ch.swisstopo.swisseo_s2-sr_v200,2016-08-11,No candidate scene
ch.swisstopo.swisseo_s2-sr_v200,2016-08-12,No candidate scene
ch.swisstopo.swisseo_s2-sr_v200,2016-08-14,No candidate scene
ch.swisstopo.swisseo_s2-sr_v200,2016-08-15,No candidate scene
ch.swisstopo.swisseo_s2-sr_v200,2016-08-16,No candidate scene
ch.swisstopo.swisseo_s2-sr_v200,2016-08-17,cloudy
ch.swisstopo.swisseo_s2-sr_v200,2016-08-18,No candidate scene
ch.swisstopo.swisseo_s2-sr_v200,2016-08-19,No candidate scene
ch.swisstopo.swisseo_s2-sr_v200,2016-08-21,No candidate scene
ch.swisstopo.swisseo_s2-sr_v200,2016-08-22,No candidate scene
ch.swisstopo.swisseo_s2-sr_v200,2016-08-24,No candidate scene
ch.swisstopo.swisseo_s2-sr_v200,2016-08-25,No candidate scene
ch.swisstopo.swisseo_s2-sr_v200,2016-08-28,No candidate scene
ch.swisstopo.swisseo_s2-sr_v200,2016-08-29,No candidate scene
ch.swisstopo.swisseo_s2-sr_v200,2016-08-31,No candidate scene
ch.swisstopo.swisseo_s2-sr_v200,2016-09-01,No candidate scene
ch.swisstopo.swisseo_s2-sr_v200,2016-09-03,No candidate scene
ch.swisstopo.swisseo_s2-sr_v200,2016-09-04,No candidate scene
ch.swisstopo.swisseo_s2-sr_v200,2016-09-05,cloudy
ch.swisstopo.swisseo_s2-sr_v200,2016-09-07,No candidate scene
ch.swisstopo.swisseo_s2-sr_v200,2016-09-08,No candidate scene
ch.swisstopo.swisseo_s2-sr_v200,2016-09-10,No candidate scene
ch.swisstopo.swisseo_s2-sr_v200,2016-09-11,No candidate scene
ch.swisstopo.swisseo_s2-sr_v200,2016-09-13,No candidate scene
ch.swisstopo.swisseo_s2-sr_v200,2016-09-14,No candidate scene
ch.swisstopo.swisseo_s2-sr_v200,2016-09-15,cloudy
ch.swisstopo.swisseo_s2-sr_v200,2016-09-16,cloudy
ch.swisstopo.swisseo_s2-sr_v200,2016-09-17,No candidate scene
ch.swisstopo.swisseo_s2-sr_v200,2016-09-18,No candidate scene
ch.swisstopo.swisseo_s2-sr_v200,2016-09-20,No candidate scene
ch.swisstopo.swisseo_s2-sr_v200,2016-09-21,No candidate scene
ch.swisstopo.swisseo_s2-sr_v200,2016-09-23,No candidate scene
ch.swisstopo.swisseo_s2-sr_v200,2016-09-24,No candidate scene
ch.swisstopo.swisseo_s2-sr_v200,2016-09-26,Tile upload incomplete
ch.swisstopo.swisseo_s2-sr_v200,2016-09-27,No candidate scene
ch.swisstopo.swisseo_s2-sr_v200,2016-09-28,No candidate scene
ch.swisstopo.swisseo_s2-sr_v200,2016-09-30,No candidate scene
ch.swisstopo.swisseo_s2-sr_v200,2016-10-01,No candidate scene
ch.swisstopo.swisseo_s2-sr_v200,2016-10-03,No candidate scene
ch.swisstopo.swisseo_s2-sr_v200,2016-10-04,No candidate scene
ch.swisstopo.swisseo_s2-sr_v200,2016-10-06,Tile upload incomplete
ch.swisstopo.swisseo_s2-sr_v200,2016-10-07,No candidate scene
ch.swisstopo.swisseo_s2-sr_v200,2016-10-08,No candidate scene
ch.swisstopo.swisseo_s2-sr_v200,2016-10-10,No candidate scene
ch.swisstopo.swisseo_s2-sr_v200,2016-10-11,No candidate scene
ch.swisstopo.swisseo_s2-sr_v200,2016-10-13,No candidate scene
ch.swisstopo.swisseo_s2-sr_v200,2016-10-14,No candidate scene
ch.swisstopo.swisseo_s2-sr_v200,2016-10-16,Tile upload incomplete
ch.swisstopo.swisseo_s2-sr_v200,2016-10-17,No candidate scene
ch.swisstopo.swisseo_s2-sr_v200,2016-10-18,No candidate scene
ch.swisstopo.swisseo_s2-sr_v200,2016-10-20,No candidate scene
ch.swisstopo.swisseo_s2-sr_v200,2016-10-21,No candidate scene
ch.swisstopo.swisseo_s2-sr_v200,2016-10-23,No candidate scene
ch.swisstopo.swisseo_s2-sr_v200,2016-10-24,No candidate scene
ch.swisstopo.swisseo_s2-sr_v200,2016-10-25,cloudy
ch.swisstopo.swisseo_s2-sr_v200,2016-10-26,Tile upload incomplete
ch.swisstopo.swisseo_s2-sr_v200,2016-10-27,No candidate scene
ch.swisstopo.swisseo_s2-sr_v200,2016-10-28,No candidate scene
ch.swisstopo.swisseo_s2-sr_v200,2016-10-30,No candidate scene
ch.swisstopo.swisseo_s2-sr_v200,2016-10-31,No candidate scene
ch.swisstopo.swisseo_s2-sr_v200,2016-11-02,No candidate scene
ch.swisstopo.swisseo_s2-sr_v200,2016-11-03,No candidate scene
ch.swisstopo.swisseo_s2-sr_v200,2016-11-05,cloudy
ch.swisstopo.swisseo_s2-sr_v200,2016-11-06,No candidate scene
ch.swisstopo.swisseo_s2-sr_v200,2016-11-07,No candidate scene
ch.swisstopo.swisseo_s2-sr_v200,2016-11-09,No candidate scene
ch.swisstopo.swisseo_s2-sr_v200,2016-11-10,No candidate scene
ch.swisstopo.swisseo_s2-sr_v200,2016-11-12,No candidate scene
ch.swisstopo.swisseo_s2-sr_v200,2016-11-13,No candidate scene
ch.swisstopo.swisseo_s2-sr_v200,2016-11-16,No candidate scene
ch.swisstopo.swisseo_s2-sr_v200,2016-11-17,No candidate scene
ch.swisstopo.swisseo_s2-sr_v200,2016-11-19,No candidate scene
ch.swisstopo.swisseo_s2-sr_v200,2016-11-20,No candidate scene
ch.swisstopo.swisseo_s2-sr_v200,2016-11-21,cloudy
ch.swisstopo.swisseo_s2-sr_v200,2016-11-22,No candidate scene
ch.swisstopo.swisseo_s2-sr_v200,2016-11-23,No candidate scene
ch.swisstopo.swisseo_s2-sr_v200,2016-11-24,cloudy
ch.swisstopo.swisseo_s2-sr_v200,2016-11-25,cloudy
ch.swisstopo.swisseo_s2-sr_v200,2016-11-26,No candidate scene
ch.swisstopo.swisseo_s2-sr_v200,2016-11-27,No candidate scene
ch.swisstopo.swisseo_s2-sr_v200,2016-11-29,No candidate scene
ch.swisstopo.swisseo_s2-sr_v200,2016-11-30,No candidate scene
ch.swisstopo.swisseo_s2-sr_v200,2016-12-02,No candidate scene
ch.swisstopo.swisseo_s2-sr_v200,2016-12-03,No candidate scene
ch.swisstopo.swisseo_s2-sr_v200,2016-12-06,No candidate scene
ch.swisstopo.swisseo_s2-sr_v200,2016-12-07,No candidate scene
ch.swisstopo.swisseo_s2-sr_v200,2016-12-09,No candidate scene
ch.swisstopo.swisseo_s2-sr_v200,2016-12-10,No candidate scene
ch.swisstopo.swisseo_s2-sr_v200,2016-12-12,No candidate scene
ch.swisstopo.swisseo_s2-sr_v200,2016-12-13,No candidate scene
ch.swisstopo.swisseo_s2-sr_v200,2016-12-16,No candidate scene
ch.swisstopo.swisseo_s2-sr_v200,2016-12-17,No candidate scene
ch.swisstopo.swisseo_s2-sr_v200,2016-12-19,No candidate scene
ch.swisstopo.swisseo_s2-sr_v200,2016-12-20,No candidate scene
ch.swisstopo.swisseo_s2-sr_v200,2016-12-22,No candidate scene
ch.swisstopo.swisseo_s2-sr_v200,2016-12-23,No candidate scene
ch.swisstopo.swisseo_s2-sr_v200,2016-12-24,cloudy
ch.swisstopo.swisseo_s2-sr_v200,2016-12-25,Tile upload incomplete
ch.swisstopo.swisseo_s2-sr_v200,2016-12-26,No candidate scene
ch.swisstopo.swisseo_s2-sr_v200,2016-12-27,No candidate scene
ch.swisstopo.swisseo_s2-sr_v200,2016-12-29,No candidate scene
ch.swisstopo.swisseo_s2-sr_v200,2016-12-30,No candidate scene
ch.swisstopo.swisseo_s2-sr_v200,2017-01-01,No candidate scene
ch.swisstopo.swisseo_s2-sr_v200,2017-01-02,No candidate scene
ch.swisstopo.swisseo_s2-sr_v200,2017-01-04,Tile upload incomplete
ch.swisstopo.swisseo_s2-sr_v200,2017-01-05,No candidate scene
ch.swisstopo.swisseo_s2-sr_v200,2017-01-06,No candidate scene
ch.swisstopo.swisseo_s2-sr_v200,2017-01-08,No candidate scene
ch.swisstopo.swisseo_s2-sr_v200,2017-01-09,No candidate scene
ch.swisstopo.swisseo_s2-sr_v200,2017-01-10,cloudy
ch.swisstopo.swisseo_s2-sr_v200,2017-01-11,No candidate scene
ch.swisstopo.swisseo_s2-sr_v200,2017-01-12,No candidate scene
ch.swisstopo.swisseo_s2-sr_v200,2017-01-14,Tile upload incomplete
ch.swisstopo.swisseo_s2-sr_v200,2017-01-15,No candidate scene
ch.swisstopo.swisseo_s2-sr_v200,2017-01-16,No candidate scene
ch.swisstopo.swisseo_s2-sr_v200,2017-01-17,No candidate scene
ch.swisstopo.swisseo_s2-sr_v200,2017-01-18,No candidate scene
ch.swisstopo.swisseo_s2-sr_v200,2017-01-19,No candidate scene
ch.swisstopo.swisseo_s2-sr_v200,2017-01-20,No candidate scene
ch.swisstopo.swisseo_s2-sr_v200,2017-01-21,No candidate scene
ch.swisstopo.swisseo_s2-sr_v200,2017-01-22,No candidate scene
ch.swisstopo.swisseo_s2-sr_v200,2017-01-23,No candidate scene
ch.swisstopo.swisseo_s2-sr_v200,2017-01-24,Tile upload incomplete
ch.swisstopo.swisseo_s2-sr_v200,2017-01-25,No candidate scene
ch.swisstopo.swisseo_s2-sr_v200,2017-01-26,No candidate scene
ch.swisstopo.swisseo_s2-sr_v200,2017-01-28,No candidate scene
ch.swisstopo.swisseo_s2-sr_v200,2017-01-29,No candidate scene
ch.swisstopo.swisseo_s2-sr_v200,2017-01-30,cloudy
ch.swisstopo.swisseo_s2-sr_v200,2017-01-31,No candidate scene
ch.swisstopo.swisseo_s2-sr_v200,2017-02-01,No candidate scene
ch.swisstopo.swisseo_s2-sr_v200,2017-02-03,Tile upload incomplete
ch.swisstopo.swisseo_s2-sr_v200,2017-02-04,No candidate scene
ch.swisstopo.swisseo_s2-sr_v200,2017-02-05,No candidate scene
ch.swisstopo.swisseo_s2-sr_v200,2017-02-07,No candidate scene
ch.swisstopo.swisseo_s2-sr_v200,2017-02-08,No candidate scene
ch.swisstopo.swisseo_s2-sr_v200,2017-02-10,No candidate scene
ch.swisstopo.swisseo_s2-sr_v200,2017-02-11,No candidate scene
ch.swisstopo.swisseo_s2-sr_v200,2017-02-12,cloudy
ch.swisstopo.swisseo_s2-sr_v200,2017-02-13,Tile upload incomplete
ch.swisstopo.swisseo_s2-sr_v200,2017-02-14,No candidate scene
ch.swisstopo.swisseo_s2-sr_v200,2017-02-15,No candidate scene
ch.swisstopo.swisseo_s2-sr_v200,2017-02-17,No candidate scene
ch.swisstopo.swisseo_s2-sr_v200,2017-02-18,No candidate scene
ch.swisstopo.swisseo_s2-sr_v200,2017-02-20,No candidate scene
ch.swisstopo.swisseo_s2-sr_v200,2017-02-21,No candidate scene
ch.swisstopo.swisseo_s2-sr_v200,2017-02-23,Tile upload incomplete
ch.swisstopo.swisseo_s2-sr_v200,2017-02-24,No candidate scene
ch.swisstopo.swisseo_s2-sr_v200,2017-02-25,No candidate scene
ch.swisstopo.swisseo_s2-sr_v200,2017-02-27,No candidate scene
ch.swisstopo.swisseo_s2-sr_v200,2017-02-28,No candidate scene
ch.swisstopo.swisseo_s2-sr_v200,2017-03-02,No candidate scene
ch.swisstopo.swisseo_s2-sr_v200,2017-03-03,No candidate scene
ch.swisstopo.swisseo_s2-sr_v200,2017-03-04,cloudy
ch.swisstopo.swisseo_s2-sr_v200,2017-03-06,No candidate scene
ch.swisstopo.swisseo_s2-sr_v200,2017-03-07,No candidate scene
ch.swisstopo.swisseo_s2-sr_v200,2017-03-09,No candidate scene
ch.swisstopo.swisseo_s2-sr_v200,2017-03-10,No candidate scene
ch.swisstopo.swisseo_s2-sr_v200,2017-03-12,No candidate scene
ch.swisstopo.swisseo_s2-sr_v200,2017-03-13,No candidate scene
ch.swisstopo.swisseo_s2-sr_v200,2017-03-16,No candidate scene
ch.swisstopo.swisseo_s2-sr_v200,2017-03-19,No candidate scene
ch.swisstopo.swisseo_s2-sr_v200,2017-03-22,No candidate scene
ch.swisstopo.swisseo_s2-sr_v200,2017-03-24,cloudy
ch.swisstopo.swisseo_s2-sr_v200,2017-03-25,Tile upload incomplete
ch.swisstopo.swisseo_s2-sr_v200,2017-03-27,No candidate scene
ch.swisstopo.swisseo_s2-sr_v200,2017-04-01,No candidate scene
ch.swisstopo.swisseo_s2-sr_v200,2017-04-04,cloudy
ch.swisstopo.swisseo_s2-sr_v200,2017-04-06,No candidate scene
ch.swisstopo.swisseo_s2-sr_v200,2017-04-11,No candidate scene
ch.swisstopo.swisseo_s2-sr_v200,2017-04-15,cloudy
ch.swisstopo.swisseo_s2-sr_v200,2017-04-16,No candidate scene
ch.swisstopo.swisseo_s2-sr_v200,2017-04-19,No candidate scene
ch.swisstopo.swisseo_s2-sr_v200,2017-04-21,No candidate scene
ch.swisstopo.swisseo_s2-sr_v200,2017-04-26,No candidate scene
ch.swisstopo.swisseo_s2-sr_v200,2017-04-27,cloudy
ch.swisstopo.swisseo_s2-sr_v200,2017-04-29,Tile upload incomplete
ch.swisstopo.swisseo_s2-sr_v200,2017-05-01,No candidate scene
ch.swisstopo.swisseo_s2-sr_v200,2017-05-03,cloudy
ch.swisstopo.swisseo_s2-sr_v200,2017-05-04,cloudy
ch.swisstopo.swisseo_s2-sr_v200,2017-05-06,No candidate scene
ch.swisstopo.swisseo_s2-sr_v200,2017-05-08,cloudy
ch.swisstopo.swisseo_s2-sr_v200,2017-05-09,Tile upload incomplete
ch.swisstopo.swisseo_s2-sr_v200,2017-05-11,No candidate scene
ch.swisstopo.swisseo_s2-sr_v200,2017-05-16,No candidate scene
ch.swisstopo.swisseo_s2-sr_v200,2017-05-18,cloudy
ch.swisstopo.swisseo_s2-sr_v200,2017-05-19,cloudy
ch.swisstopo.swisseo_s2-sr_v200,2017-05-21,No candidate scene
ch.swisstopo.swisseo_s2-sr_v200,2017-05-24,cloudy
ch.swisstopo.swisseo_s2-sr_v200,2017-05-26,No candidate scene
ch.swisstopo.swisseo_s2-sr_v200,2017-05-31,No candidate scene
ch.swisstopo.swisseo_s2-sr_v200,2017-06-05,No candidate scene
ch.swisstopo.swisseo_s2-sr_v200,2017-06-06,cloudy
ch.swisstopo.swisseo_s2-sr_v200,2017-06-09,cloudy
ch.swisstopo.swisseo_s2-sr_v200,2017-06-10,No candidate scene
ch.swisstopo.swisseo_s2-sr_v200,2017-06-15,No candidate scene
ch.swisstopo.swisseo_s2-sr_v200,2017-06-20,No candidate scene
ch.swisstopo.swisseo_s2-sr_v200,2017-06-23,Tile upload incomplete
ch.swisstopo.swisseo_s2-sr_v200,2017-06-25,No candidate scene
ch.swisstopo.swisseo_s2-sr_v200,2017-06-28,cloudy
ch.swisstopo.swisseo_s2-sr_v200,2017-06-30,No candidate scene
ch.swisstopo.swisseo_s2-sr_v200,2017-07-02,cloudy
ch.swisstopo.swisseo_s2-sr_v200,2017-07-03,Tile upload incomplete
ch.swisstopo.swisseo_s2-sr_v200,2017-07-05,No candidate scene
ch.swisstopo.swisseo_s2-sr_v200,2017-07-09,cloudy
ch.swisstopo.swisseo_s2-sr_v200,2017-07-10,No candidate scene
ch.swisstopo.swisseo_s2-sr_v200,2017-07-12,cloudy
ch.swisstopo.swisseo_s2-sr_v200,2017-07-15,No candidate scene
ch.swisstopo.swisseo_s2-sr_v200,2017-07-20,No candidate scene
ch.swisstopo.swisseo_s2-sr_v200,2017-07-25,No candidate scene
ch.swisstopo.swisseo_s2-sr_v200,2017-07-27,cloudy
ch.swisstopo.swisseo_s2-sr_v200,2017-07-30,No candidate scene
ch.swisstopo.swisseo_s2-sr_v200,2017-08-04,No candidate scene
ch.swisstopo.swisseo_s2-sr_v200,2017-08-06,cloudy
ch.swisstopo.swisseo_s2-sr_v200,2017-08-08,cloudy
ch.swisstopo.swisseo_s2-sr_v200,2017-08-09,No candidate scene
ch.swisstopo.swisseo_s2-sr_v200,2017-08-10,cloudy
ch.swisstopo.swisseo_s2-sr_v200,2017-08-11,cloudy
ch.swisstopo.swisseo_s2-sr_v200,2017-08-12,cloudy
ch.swisstopo.swisseo_s2-sr_v200,2017-08-14,No candidate scene
ch.swisstopo.swisseo_s2-sr_v200,2017-08-19,No candidate scene
ch.swisstopo.swisseo_s2-sr_v200,2017-08-24,No candidate scene
ch.swisstopo.swisseo_s2-sr_v200,2017-08-29,No candidate scene
ch.swisstopo.swisseo_s2-sr_v200,2017-08-31,cloudy
ch.swisstopo.swisseo_s2-sr_v200,2017-09-01,cloudy
ch.swisstopo.swisseo_s2-sr_v200,2017-09-02,cloudy
ch.swisstopo.swisseo_s2-sr_v200,2017-09-03,No candidate scene
ch.swisstopo.swisseo_s2-sr_v200,2017-09-06,cloudy
ch.swisstopo.swisseo_s2-sr_v200,2017-09-08,No candidate scene
ch.swisstopo.swisseo_s2-sr_v200,2017-09-09,cloudy
ch.swisstopo.swisseo_s2-sr_v200,2017-09-11,cloudy
ch.swisstopo.swisseo_s2-sr_v200,2017-09-13,No candidate scene
ch.swisstopo.swisseo_s2-sr_v200,2017-09-14,cloudy
ch.swisstopo.swisseo_s2-sr_v200,2017-09-16,cloudy
ch.swisstopo.swisseo_s2-sr_v200,2017-09-18,No candidate scene
ch.swisstopo.swisseo_s2-sr_v200,2017-09-23,No candidate scene
ch.swisstopo.swisseo_s2-sr_v200,2017-09-28,No candidate scene
ch.swisstopo.swisseo_s2-sr_v200,2017-09-30,cloudy
ch.swisstopo.swisseo_s2-sr_v200,2017-10-01,cloudy
ch.swisstopo.swisseo_s2-sr_v200,2017-10-02,cloudy
ch.swisstopo.swisseo_s2-sr_v200,2017-10-03,No candidate scene
ch.swisstopo.swisseo_s2-sr_v200,2017-10-06,Tile upload incomplete
ch.swisstopo.swisseo_s2-sr_v200,2017-10-08,No candidate scene
ch.swisstopo.swisseo_s2-sr_v200,2017-10-13,No candidate scene
ch.swisstopo.swisseo_s2-sr_v200,2017-10-16,Tile upload incomplete
ch.swisstopo.swisseo_s2-sr_v200,2017-10-18,No candidate scene
ch.swisstopo.swisseo_s2-sr_v200,2017-10-20,cloudy
ch.swisstopo.swisseo_s2-sr_v200,2017-10-23,No candidate scene
ch.swisstopo.swisseo_s2-sr_v200,2017-10-26,Tile upload incomplete
ch.swisstopo.swisseo_s2-sr_v200,2017-10-28,No candidate scene
ch.swisstopo.swisseo_s2-sr_v200,2017-11-02,No candidate scene
ch.swisstopo.swisseo_s2-sr_v200,2017-11-04,cloudy
ch.swisstopo.swisseo_s2-sr_v200,2017-11-05,Tile upload incomplete
ch.swisstopo.swisseo_s2-sr_v200,2017-11-07,No candidate scene
ch.swisstopo.swisseo_s2-sr_v200,2017-11-09,cloudy
ch.swisstopo.swisseo_s2-sr_v200,2017-11-12,No candidate scene
ch.swisstopo.swisseo_s2-sr_v200,2017-11-15,Tile upload incomplete
ch.swisstopo.swisseo_s2-sr_v200,2017-11-17,No candidate scene
ch.swisstopo.swisseo_s2-sr_v200,2017-11-19,cloudy
ch.swisstopo.swisseo_s2-sr_v200,2017-11-22,No candidate scene
ch.swisstopo.swisseo_s2-sr_v200,2017-11-25,No candidate scene
ch.swisstopo.swisseo_s2-sr_v200,2017-11-27,No candidate scene
ch.swisstopo.swisseo_s2-sr_v200,2017-11-29,cloudy
ch.swisstopo.swisseo_s2-sr_v200,2017-11-30,Tile upload incomplete
ch.swisstopo.swisseo_s2-sr_v200,2017-12-02,No candidate scene
ch.swisstopo.swisseo_s2-sr_v200,2017-12-04,No candidate scene
ch.swisstopo.swisseo_s2-sr_v200,2017-12-07,No candidate scene
ch.swisstopo.swisseo_s2-sr_v200,2017-12-10,cloudy
ch.swisstopo.swisseo_s2-sr_v200,2017-12-11,cloudy
ch.swisstopo.swisseo_s2-sr_v200,2017-12-12,No candidate scene
ch.swisstopo.swisseo_s2-sr_v200,2017-12-14,cloudy
ch.swisstopo.swisseo_s2-sr_v200,2017-12-15,cloudy
ch.swisstopo.swisseo_s2-sr_v200,2017-12-17,No candidate scene
ch.swisstopo.swisseo_s2-sr_v200,2017-12-19,cloudy
ch.swisstopo.swisseo_s2-sr_v200,2017-12-22,No candidate scene
ch.swisstopo.swisseo_s2-sr_v200,2017-12-27,No candidate scene
ch.swisstopo.swisseo_s2-sr_v200,2017-12-29,cloudy
ch.swisstopo.swisseo_s2-sr_v200,2017-12-30,cloudy
ch.swisstopo.swisseo_s2-sr_v200,2018-01-01,No candidate scene
ch.swisstopo.swisseo_s2-sr_v200,2018-01-04,cloudy
ch.swisstopo.swisseo_s2-sr_v200,2018-01-06,No candidate scene
ch.swisstopo.swisseo_s2-sr_v200,2018-01-11,No candidate scene
ch.swisstopo.swisseo_s2-sr_v200,2018-01-16,No candidate scene
ch.swisstopo.swisseo_s2-sr_v200,2018-01-18,cloudy
ch.swisstopo.swisseo_s2-sr_v200,2018-01-21,No candidate scene
ch.swisstopo.swisseo_s2-sr_v200,2018-01-26,No candidate scene
ch.swisstopo.swisseo_s2-sr_v200,2018-01-31,No candidate scene
ch.swisstopo.swisseo_s2-sr_v200,2018-02-01,cloudy
ch.swisstopo.swisseo_s2-sr_v200,2018-02-05,No candidate scene
ch.swisstopo.swisseo_s2-sr_v200,2018-02-07,cloudy
ch.swisstopo.swisseo_s2-sr_v200,2018-02-10,No candidate scene
ch.swisstopo.swisseo_s2-sr_v200,2018-02-15,No candidate scene
ch.swisstopo.swisseo_s2-sr_v200,2018-02-17,cloudy
ch.swisstopo.swisseo_s2-sr_v200,2018-02-20,No candidate scene
ch.swisstopo.swisseo_s2-sr_v200,2018-02-22,cloudy
ch.swisstopo.swisseo_s2-sr_v200,2018-02-25,No candidate scene
ch.swisstopo.swisseo_s2-sr_v200,2018-03-02,No candidate scene
ch.swisstopo.swisseo_s2-sr_v200,2018-03-05,cloudy
ch.swisstopo.swisseo_s2-sr_v200,2018-03-07,No candidate scene
ch.swisstopo.swisseo_s2-sr_v200,2018-03-09,cloudy
ch.swisstopo.swisseo_s2-sr_v200,2018-03-10,cloudy
ch.swisstopo.swisseo_s2-sr_v200,2018-03-11,cloudy
ch.swisstopo.swisseo_s2-sr_v200,2018-03-12,No candidate scene
ch.swisstopo.swisseo_s2-sr_v200,2018-03-15,Tile upload incomplete
ch.swisstopo.swisseo_s2-sr_v200,2018-03-17,No candidate scene
ch.swisstopo.swisseo_s2-sr_v200,2018-03-22,No candidate scene
ch.swisstopo.swisseo_s2-sr_v200,2018-03-27,No candidate scene
ch.swisstopo.swisseo_s2-sr_v200,2018-03-29,cloudy
ch.swisstopo.swisseo_s2-sr_v200,2018-03-30,cloudy
ch.swisstopo.swisseo_s2-sr_v200,2018-03-31,cloudy
ch.swisstopo.swisseo_s2-sr_v200,2018-04-01,No candidate scene
ch.swisstopo.swisseo_s2-sr_v200,2018-04-04,cloudy
ch.swisstopo.swisseo_s2-sr_v200,2018-04-06,No candidate scene
ch.swisstopo.swisseo_s2-sr_v200,2018-04-09,cloudy
ch.swisstopo.swisseo_s2-sr_v200,2018-04-11,No candidate scene
ch.swisstopo.swisseo_s2-sr_v200,2018-04-16,No candidate scene
ch.swisstopo.swisseo_s2-sr_v200,2018-04-21,No candidate scene
ch.swisstopo.swisseo_s2-sr_v200,2018-04-23,cloudy
ch.swisstopo.swisseo_s2-sr_v200,2018-04-26,No candidate scene
ch.swisstopo.swisseo_s2-sr_v200,2018-04-29,cloudy
ch.swisstopo.swisseo_s2-sr_v200,2018-05-01,No candidate scene
ch.swisstopo.swisseo_s2-sr_v200,2018-05-03,cloudy
ch.swisstopo.swisseo_s2-sr_v200,2018-05-04,cloudy
ch.swisstopo.swisseo_s2-sr_v200,2018-05-06,No candidate scene
ch.swisstopo.swisseo_s2-sr_v200,2018-05-11,No candidate scene
ch.swisstopo.swisseo_s2-sr_v200,2018-05-13,cloudy
ch.swisstopo.swisseo_s2-sr_v200,2018-05-14,cloudy
ch.swisstopo.swisseo_s2-sr_v200,2018-05-16,No candidate scene
ch.swisstopo.swisseo_s2-sr_v200,2018-05-19,cloudy
ch.swisstopo.swisseo_s2-sr_v200,2018-05-21,No candidate scene
ch.swisstopo.swisseo_s2-sr_v200,2018-05-23,cloudy
ch.swisstopo.swisseo_s2-sr_v200,2018-05-24,Tile upload incomplete
ch.swisstopo.swisseo_s2-sr_v200,2018-05-26,No candidate scene
ch.swisstopo.swisseo_s2-sr_v200,2018-05-27,No candidate scene
ch.swisstopo.swisseo_s2-sr_v200,2018-05-31,No candidate scene
ch.swisstopo.swisseo_s2-sr_v200,2018-06-03,Tile upload incomplete
ch.swisstopo.swisseo_s2-sr_v200,2018-06-05,No candidate scene
ch.swisstopo.swisseo_s2-sr_v200,2018-06-08,cloudy
ch.swisstopo.swisseo_s2-sr_v200,2018-06-10,No candidate scene
ch.swisstopo.swisseo_s2-sr_v200,2018-06-12,cloudy
ch.swisstopo.swisseo_s2-sr_v200,2018-06-13,cloudy
ch.swisstopo.swisseo_s2-sr_v200,2018-06-15,No candidate scene
ch.swisstopo.swisseo_s2-sr_v200,2018-06-20,No candidate scene
ch.swisstopo.swisseo_s2-sr_v200,2018-06-25,No candidate scene
ch.swisstopo.swisseo_s2-sr_v200,2018-06-28,cloudy
ch.swisstopo.swisseo_s2-sr_v200,2018-06-30,No candidate scene
ch.swisstopo.swisseo_s2-sr_v200,2018-07-05,No candidate scene
ch.swisstopo.swisseo_s2-sr_v200,2018-07-10,No candidate scene
ch.swisstopo.swisseo_s2-sr_v200,2018-07-15,No candidate scene
ch.swisstopo.swisseo_s2-sr_v200,2018-07-20,No candidate scene
ch.swisstopo.swisseo_s2-sr_v200,2018-07-21,cloudy
ch.swisstopo.swisseo_s2-sr_v200,2018-07-23,cloudy
ch.swisstopo.swisseo_s2-sr_v200,2018-07-25,No candidate scene
ch.swisstopo.swisseo_s2-sr_v200,2018-07-28,cloudy
ch.swisstopo.swisseo_s2-sr_v200,2018-07-30,No candidate scene
ch.swisstopo.swisseo_s2-sr_v200,2018-08-04,No candidate scene
ch.swisstopo.swisseo_s2-sr_v200,2018-08-07,cloudy
ch.swisstopo.swisseo_s2-sr_v200,2018-08-09,No candidate scene
ch.swisstopo.swisseo_s2-sr_v200,2018-08-14,No candidate scene
ch.swisstopo.swisseo_s2-sr_v200,2018-08-19,No candidate scene
ch.swisstopo.swisseo_s2-sr_v200,2018-08-22,Tile upload incomplete
ch.swisstopo.swisseo_s2-sr_v200,2018-08-24,No candidate scene
ch.swisstopo.swisseo_s2-sr_v200,2018-08-25,cloudy
ch.swisstopo.swisseo_s2-sr_v200,2018-08-29,No candidate scene
ch.swisstopo.swisseo_s2-sr_v200,2018-08-31,cloudy
ch.swisstopo.swisseo_s2-sr_v200,2018-09-01,Tile upload incomplete
ch.swisstopo.swisseo_s2-sr_v200,2018-09-03,No candidate scene
ch.swisstopo.swisseo_s2-sr_v200,2018-09-08,No candidate scene
ch.swisstopo.swisseo_s2-sr_v200,2018-09-13,No candidate scene
ch.swisstopo.swisseo_s2-sr_v200,2018-09-15,No candidate scene
ch.swisstopo.swisseo_s2-sr_v200,2018-09-18,No candidate scene
ch.swisstopo.swisseo_s2-sr_v200,2018-09-23,No candidate scene
ch.swisstopo.swisseo_s2-sr_v200,2018-09-28,No candidate scene
ch.swisstopo.swisseo_s2-sr_v200,2018-10-01,cloudy
ch.swisstopo.swisseo_s2-sr_v200,2018-10-03,No candidate scene
ch.swisstopo.swisseo_s2-sr_v200,2018-10-06,cloudy
ch.swisstopo.swisseo_s2-sr_v200,2018-10-08,No candidate scene
ch.swisstopo.swisseo_s2-sr_v200,2018-10-11,cloudy
ch.swisstopo.swisseo_s2-sr_v200,2018-10-13,No candidate scene
ch.swisstopo.swisseo_s2-sr_v200,2018-10-18,No candidate scene
ch.swisstopo.swisseo_s2-sr_v200,2018-10-23,No candidate scene
ch.swisstopo.swisseo_s2-sr_v200,2018-10-27,cloudy
ch.swisstopo.swisseo_s2-sr_v200,2018-10-28,No candidate scene
ch.swisstopo.swisseo_s2-sr_v200,2018-10-30,cloudy
ch.swisstopo.swisseo_s2-sr_v200,2018-10-31,cloudy
ch.swisstopo.swisseo_s2-sr_v200,2018-11-02,No candidate scene
ch.swisstopo.swisseo_s2-sr_v200,2018-11-04,cloudy
ch.swisstopo.swisseo_s2-sr_v200,2018-11-05,cloudy
ch.swisstopo.swisseo_s2-sr_v200,2018-11-07,No candidate scene
ch.swisstopo.swisseo_s2-sr_v200,2018-11-12,No candidate scene
ch.swisstopo.swisseo_s2-sr_v200,2018-11-13,No candidate scene
ch.swisstopo.swisseo_s2-sr_v200,2018-11-17,No candidate scene
ch.swisstopo.swisseo_s2-sr_v200,2018-11-19,cloudy
ch.swisstopo.swisseo_s2-sr_v200,2018-11-22,No candidate scene
ch.swisstopo.swisseo_s2-sr_v200,2018-11-25,Tile upload incomplete
ch.swisstopo.swisseo_s2-sr_v200,2018-11-26,cloudy
ch.swisstopo.swisseo_s2-sr_v200,2018-11-27,No candidate scene
ch.swisstopo.swisseo_s2-sr_v200,2018-11-29,cloudy
ch.swisstopo.swisseo_s2-sr_v200,2018-12-02,No candidate scene
ch.swisstopo.swisseo_s2-sr_v200,2018-12-04,cloudy
ch.swisstopo.swisseo_s2-sr_v200,2018-12-05,cloudy
ch.swisstopo.swisseo_s2-sr_v200,2018-12-07,No candidate scene
ch.swisstopo.swisseo_s2-sr_v200,2018-12-10,cloudy
ch.swisstopo.swisseo_s2-sr_v200,2018-12-12,No candidate scene
ch.swisstopo.swisseo_s2-sr_v200,2018-12-14,cloudy
ch.swisstopo.swisseo_s2-sr_v200,2018-12-17,No candidate scene
ch.swisstopo.swisseo_s2-sr_v200,2018-12-19,cloudy
ch.swisstopo.swisseo_s2-sr_v200,2018-12-20,Tile upload incomplete
ch.swisstopo.swisseo_s2-sr_v200,2018-12-22,No candidate scene
ch.swisstopo.swisseo_s2-sr_v200,2018-12-24,cloudy
ch.swisstopo.swisseo_s2-sr_v200,2018-12-25,Tile upload incomplete
ch.swisstopo.swisseo_s2-sr_v200,2018-12-27,No candidate scene
ch.swisstopo.swisseo_s2-sr_v200,2018-12-30,cloudy
ch.swisstopo.swisseo_s2-sr_v200,2019-01-01,No candidate scene
ch.swisstopo.swisseo_s2-sr_v200,2019-01-04,Tile upload incomplete
ch.swisstopo.swisseo_s2-sr_v200,2019-01-06,No candidate scene
ch.swisstopo.swisseo_s2-sr_v200,2019-01-08,cloudy
ch.swisstopo.swisseo_s2-sr_v200,2019-01-09,cloudy
ch.swisstopo.swisseo_s2-sr_v200,2019-01-11,No candidate scene
ch.swisstopo.swisseo_s2-sr_v200,2019-01-13,cloudy
ch.swisstopo.swisseo_s2-sr_v200,2019-01-14,cloudy
ch.swisstopo.swisseo_s2-sr_v200,2019-01-16,No candidate scene
ch.swisstopo.swisseo_s2-sr_v200,2019-01-21,No candidate scene
ch.swisstopo.swisseo_s2-sr_v200,2019-01-23,cloudy
ch.swisstopo.swisseo_s2-sr_v200,2019-01-26,No candidate scene
ch.swisstopo.swisseo_s2-sr_v200,2019-01-31,No candidate scene
ch.swisstopo.swisseo_s2-sr_v200,2019-02-03,cloudy
ch.swisstopo.swisseo_s2-sr_v200,2019-02-05,No candidate scene
ch.swisstopo.swisseo_s2-sr_v200,2019-02-07,cloudy
ch.swisstopo.swisseo_s2-sr_v200,2019-02-10,No candidate scene
ch.swisstopo.swisseo_s2-sr_v200,2019-02-15,No candidate scene
ch.swisstopo.swisseo_s2-sr_v200,2019-02-20,No candidate scene
ch.swisstopo.swisseo_s2-sr_v200,2019-02-25,No candidate scene
ch.swisstopo.swisseo_s2-sr_v200,2019-03-02,No candidate scene
ch.swisstopo.swisseo_s2-sr_v200,2019-03-04,cloudy
ch.swisstopo.swisseo_s2-sr_v200,2019-03-07,No candidate scene
ch.swisstopo.swisseo_s2-sr_v200,2019-03-09,cloudy
ch.swisstopo.swisseo_s2-sr_v200,2019-03-11,cloudy
ch.swisstopo.swisseo_s2-sr_v200,2019-03-12,No candidate scene
ch.swisstopo.swisseo_s2-sr_v200,2019-03-14,cloudy
ch.swisstopo.swisseo_s2-sr_v200,2019-03-15,Tile upload incomplete
ch.swisstopo.swisseo_s2-sr_v200,2019-03-17,No candidate scene
ch.swisstopo.swisseo_s2-sr_v200,2019-03-20,Tile upload incomplete
ch.swisstopo.swisseo_s2-sr_v200,2019-03-22,No candidate scene
ch.swisstopo.swisseo_s2-sr_v200,2019-03-25,Tile upload incomplete
ch.swisstopo.swisseo_s2-sr_v200,2019-03-27,No candidate scene
ch.swisstopo.swisseo_s2-sr_v200,2019-04-01,No candidate scene
ch.swisstopo.swisseo_s2-sr_v200,2019-04-03,cloudy
ch.swisstopo.swisseo_s2-sr_v200,2019-04-04,cloudy
ch.swisstopo.swisseo_s2-sr_v200,2019-04-06,No candidate scene
ch.swisstopo.swisseo_s2-sr_v200,2019-04-09,cloudy
ch.swisstopo.swisseo_s2-sr_v200,2019-04-11,No candidate scene
ch.swisstopo.swisseo_s2-sr_v200,2019-04-14,cloudy
ch.swisstopo.swisseo_s2-sr_v200,2019-04-16,No candidate scene
ch.swisstopo.swisseo_s2-sr_v200,2019-04-21,No candidate scene
ch.swisstopo.swisseo_s2-sr_v200,2019-04-24,cloudy
ch.swisstopo.swisseo_s2-sr_v200,2019-04-26,No candidate scene
ch.swisstopo.swisseo_s2-sr_v200,2019-04-28,cloudy
ch.swisstopo.swisseo_s2-sr_v200,2019-04-29,cloudy
ch.swisstopo.swisseo_s2-sr_v200,2019-05-01,No candidate scene
ch.swisstopo.swisseo_s2-sr_v200,2019-05-04,cloudy
ch.swisstopo.swisseo_s2-sr_v200,2019-05-06,No candidate scene
ch.swisstopo.swisseo_s2-sr_v200,2019-05-08,cloudy
ch.swisstopo.swisseo_s2-sr_v200,2019-05-11,No candidate scene
ch.swisstopo.swisseo_s2-sr_v200,2019-05-16,No candidate scene
ch.swisstopo.swisseo_s2-sr_v200,2019-05-18,cloudy
ch.swisstopo.swisseo_s2-sr_v200,2019-05-19,cloudy
ch.swisstopo.swisseo_s2-sr_v200,2019-05-20,cloudy
ch.swisstopo.swisseo_s2-sr_v200,2019-05-21,No candidate scene
ch.swisstopo.swisseo_s2-sr_v200,2019-05-22,No candidate scene
ch.swisstopo.swisseo_s2-sr_v200,2019-05-26,No candidate scene
ch.swisstopo.swisseo_s2-sr_v200,2019-05-28,cloudy
ch.swisstopo.swisseo_s2-sr_v200,2019-05-29,cloudy
ch.swisstopo.swisseo_s2-sr_v200,2019-05-31,No candidate scene
ch.swisstopo.swisseo_s2-sr_v200,2019-06-03,Tile upload incomplete
ch.swisstopo.swisseo_s2-sr_v200,2019-06-05,No candidate scene
ch.swisstopo.swisseo_s2-sr_v200,2019-06-08,No candidate scene
ch.swisstopo.swisseo_s2-sr_v200,2019-06-09,cloudy
ch.swisstopo.swisseo_s2-sr_v200,2019-06-10,No candidate scene
ch.swisstopo.swisseo_s2-sr_v200,2019-06-15,No candidate scene
ch.swisstopo.swisseo_s2-sr_v200,2019-06-20,No candidate scene
ch.swisstopo.swisseo_s2-sr_v200,2019-06-21,cloudy
ch.swisstopo.swisseo_s2-sr_v200,2019-06-23,cloudy
ch.swisstopo.swisseo_s2-sr_v200,2019-06-25,No candidate scene
ch.swisstopo.swisseo_s2-sr_v200,2019-06-30,No candidate scene
ch.swisstopo.swisseo_s2-sr_v200,2019-07-03,cloudy
ch.swisstopo.swisseo_s2-sr_v200,2019-07-05,No candidate scene
ch.swisstopo.swisseo_s2-sr_v200,2019-07-08,cloudy
ch.swisstopo.swisseo_s2-sr_v200,2019-07-10,No candidate scene
ch.swisstopo.swisseo_s2-sr_v200,2019-07-12,cloudy
ch.swisstopo.swisseo_s2-sr_v200,2019-07-15,No candidate scene
ch.swisstopo.swisseo_s2-sr_v200,2019-07-20,No candidate scene
ch.swisstopo.swisseo_s2-sr_v200,2019-07-25,No candidate scene
ch.swisstopo.swisseo_s2-sr_v200,2019-07-28,cloudy
ch.swisstopo.swisseo_s2-sr_v200,2019-07-30,No candidate scene
ch.swisstopo.swisseo_s2-sr_v200,2019-08-02,cloudy
ch.swisstopo.swisseo_s2-sr_v200,2019-08-04,No candidate scene
ch.swisstopo.swisseo_s2-sr_v200,2019-08-07,cloudy
ch.swisstopo.swisseo_s2-sr_v200,2019-08-09,No candidate scene
ch.swisstopo.swisseo_s2-sr_v200,2019-08-12,cloudy
ch.swisstopo.swisseo_s2-sr_v200,2019-08-14,No candidate scene
ch.swisstopo.swisseo_s2-sr_v200,2019-08-16,cloudy
ch.swisstopo.swisseo_s2-sr_v200,2019-08-19,No candidate scene
ch.swisstopo.swisseo_s2-sr_v200,2019-08-20,cloudy
ch.swisstopo.swisseo_s2-sr_v200,2019-08-24,No candidate scene
ch.swisstopo.swisseo_s2-sr_v200,2019-08-29,No candidate scene
ch.swisstopo.swisseo_s2-sr_v200,2019-09-03,No candidate scene
ch.swisstopo.swisseo_s2-sr_v200,2019-09-05,cloudy
ch.swisstopo.swisseo_s2-sr_v200,2019-09-06,cloudy
ch.swisstopo.swisseo_s2-sr_v200,2019-09-08,No candidate scene
ch.swisstopo.swisseo_s2-sr_v200,2019-09-13,No candidate scene
ch.swisstopo.swisseo_s2-sr_v200,2019-09-18,No candidate scene
ch.swisstopo.swisseo_s2-sr_v200,2019-09-23,No candidate scene
ch.swisstopo.swisseo_s2-sr_v200,2019-09-24,cloudy
ch.swisstopo.swisseo_s2-sr_v200,2019-09-25,cloudy
ch.swisstopo.swisseo_s2-sr_v200,2019-09-26,Tile upload incomplete
ch.swisstopo.swisseo_s2-sr_v200,2019-09-28,No candidate scene
ch.swisstopo.swisseo_s2-sr_v200,2019-10-03,No candidate scene
ch.swisstopo.swisseo_s2-sr_v200,2019-10-05,cloudy
ch.swisstopo.swisseo_s2-sr_v200,2019-10-06,cloudy
ch.swisstopo.swisseo_s2-sr_v200,2019-10-08,No candidate scene
ch.swisstopo.swisseo_s2-sr_v200,2019-10-10,cloudy
ch.swisstopo.swisseo_s2-sr_v200,2019-10-13,No candidate scene
ch.swisstopo.swisseo_s2-sr_v200,2019-10-15,cloudy
ch.swisstopo.swisseo_s2-sr_v200,2019-10-18,No candidate scene
ch.swisstopo.swisseo_s2-sr_v200,2019-10-21,cloudy
ch.swisstopo.swisseo_s2-sr_v200,2019-10-23,No candidate scene
ch.swisstopo.swisseo_s2-sr_v200,2019-10-24,cloudy
ch.swisstopo.swisseo_s2-sr_v200,2019-10-28,No candidate scene
ch.swisstopo.swisseo_s2-sr_v200,2019-10-29,cloudy
ch.swisstopo.swisseo_s2-sr_v200,2019-10-30,cloudy
ch.swisstopo.swisseo_s2-sr_v200,2019-11-02,No candidate scene
ch.swisstopo.swisseo_s2-sr_v200,2019-11-03,cloudy
ch.swisstopo.swisseo_s2-sr_v200,2019-11-04,cloudy
ch.swisstopo.swisseo_s2-sr_v200,2019-11-07,No candidate scene
ch.swisstopo.swisseo_s2-sr_v200,2019-11-08,cloudy
ch.swisstopo.swisseo_s2-sr_v200,2019-11-09,cloudy
ch.swisstopo.swisseo_s2-sr_v200,2019-11-12,No candidate scene
ch.swisstopo.swisseo_s2-sr_v200,2019-11-14,cloudy
ch.swisstopo.swisseo_s2-sr_v200,2019-11-15,cloudy
ch.swisstopo.swisseo_s2-sr_v200,2019-11-17,No candidate scene
ch.swisstopo.swisseo_s2-sr_v200,2019-11-22,No candidate scene
ch.swisstopo.swisseo_s2-sr_v200,2019-11-23,cloudy
ch.swisstopo.swisseo_s2-sr_v200,2019-11-24,cloudy
ch.swisstopo.swisseo_s2-sr_v200,2019-11-25,No candidate scene
ch.swisstopo.swisseo_s2-sr_v200,2019-11-27,No candidate scene
ch.swisstopo.swisseo_s2-sr_v200,2019-11-29,cloudy
ch.swisstopo.swisseo_s2-sr_v200,2019-12-01,cloudy
ch.swisstopo.swisseo_s2-sr_v200,2019-12-02,No candidate scene
ch.swisstopo.swisseo_s2-sr_v200,2019-12-05,Tile upload incomplete
ch.swisstopo.swisseo_s2-sr_v200,2019-12-07,No candidate scene
ch.swisstopo.swisseo_s2-sr_v200,2019-12-09,cloudy
ch.swisstopo.swisseo_s2-sr_v200,2019-12-11,cloudy
ch.swisstopo.swisseo_s2-sr_v200,2019-12-12,No candidate scene
ch.swisstopo.swisseo_s2-sr_v200,2019-12-15,Tile upload incomplete
ch.swisstopo.swisseo_s2-sr_v200,2019-12-17,No candidate scene
ch.swisstopo.swisseo_s2-sr_v200,2019-12-20,Tile upload incomplete
ch.swisstopo.swisseo_s2-sr_v200,2019-12-22,No candidate scene
ch.swisstopo.swisseo_s2-sr_v200,2019-12-24,cloudy
ch.swisstopo.swisseo_s2-sr_v200,2019-12-25,Tile upload incomplete
ch.swisstopo.swisseo_s2-sr_v200,2019-12-27,No candidate scene
ch.swisstopo.swisseo_s2-sr_v200,2019-12-30,Tile upload incomplete
ch.swisstopo.swisseo_s2-sr_v200,2020-01-01,No candidate scene
ch.swisstopo.swisseo_s2-sr_v200,2020-01-06,No candidate scene
ch.swisstopo.swisseo_s2-sr_v200,2020-01-09,Tile upload incomplete
ch.swisstopo.swisseo_s2-sr_v200,2020-01-11,No candidate scene
ch.swisstopo.swisseo_s2-sr_v200,2020-01-13,cloudy
ch.swisstopo.swisseo_s2-sr_v200,2020-01-16,No candidate scene
ch.swisstopo.swisseo_s2-sr_v200,2020-01-19,Tile upload incomplete
ch.swisstopo.swisseo_s2-sr_v200,2020-01-21,No candidate scene
ch.swisstopo.swisseo_s2-sr_v200,2020-01-26,No candidate scene
ch.swisstopo.swisseo_s2-sr_v200,2020-01-28,cloudy
ch.swisstopo.swisseo_s2-sr_v200,2020-01-29,Tile upload incomplete
ch.swisstopo.swisseo_s2-sr_v200,2020-01-31,No candidate scene
ch.swisstopo.swisseo_s2-sr_v200,2020-02-02,cloudy
ch.swisstopo.swisseo_s2-sr_v200,2020-02-03,Tile upload incomplete
ch.swisstopo.swisseo_s2-sr_v200,2020-02-05,No candidate scene
ch.swisstopo.swisseo_s2-sr_v200,2020-02-08,Tile upload incomplete
ch.swisstopo.swisseo_s2-sr_v200,2020-02-10,No candidate scene
ch.swisstopo.swisseo_s2-sr_v200,2020-02-13,Tile upload incomplete
ch.swisstopo.swisseo_s2-sr_v200,2020-02-15,No candidate scene
ch.swisstopo.swisseo_s2-sr_v200,2020-02-17,cloudy
ch.swisstopo.swisseo_s2-sr_v200,2020-02-18,Tile upload incomplete
ch.swisstopo.swisseo_s2-sr_v200,2020-02-20,No candidate scene
ch.swisstopo.swisseo_s2-sr_v200,2020-02-23,Tile upload incomplete
ch.swisstopo.swisseo_s2-sr_v200,2020-02-25,No candidate scene
ch.swisstopo.swisseo_s2-sr_v200,2020-02-27,cloudy
ch.swisstopo.swisseo_s2-sr_v200,2020-02-28,Tile upload incomplete
ch.swisstopo.swisseo_s2-sr_v200,2020-03-01,No candidate scene
ch.swisstopo.swisseo_s2-sr_v200,2020-03-02,cloudy
ch.swisstopo.swisseo_s2-sr_v200,2020-03-04,Tile upload incomplete
ch.swisstopo.swisseo_s2-sr_v200,2020-03-05,cloudy
ch.swisstopo.swisseo_s2-sr_v200,2020-03-06,No candidate scene
ch.swisstopo.swisseo_s2-sr_v200,2020-03-09,Tile upload incomplete
ch.swisstopo.swisseo_s2-sr_v200,2020-03-11,No candidate scene
ch.swisstopo.swisseo_s2-sr_v200,2020-03-14,cloudy
ch.swisstopo.swisseo_s2-sr_v200,2020-03-16,No candidate scene
ch.swisstopo.swisseo_s2-sr_v200,2020-03-21,No candidate scene
ch.swisstopo.swisseo_s2-sr_v200,2020-03-26,No candidate scene
ch.swisstopo.swisseo_s2-sr_v200,2020-03-29,cloudy
ch.swisstopo.swisseo_s2-sr_v200,2020-03-30,cloudy
ch.swisstopo.swisseo_s2-sr_v200,2020-03-31,No candidate scene
ch.swisstopo.swisseo_s2-sr_v200,2020-04-05,No candidate scene
ch.swisstopo.swisseo_s2-sr_v200,2020-04-08,Tile upload incomplete
ch.swisstopo.swisseo_s2-sr_v200,2020-04-10,No candidate scene
ch.swisstopo.swisseo_s2-sr_v200,2020-04-15,No candidate scene
ch.swisstopo.swisseo_s2-sr_v200,2020-04-20,No candidate scene
ch.swisstopo.swisseo_s2-sr_v200,2020-04-21,cloudy
ch.swisstopo.swisseo_s2-sr_v200,2020-04-25,No candidate scene
ch.swisstopo.swisseo_s2-sr_v200,2020-04-28,cloudy
ch.swisstopo.swisseo_s2-sr_v200,2020-04-30,No candidate scene
ch.swisstopo.swisseo_s2-sr_v200,2020-05-01,cloudy
ch.swisstopo.swisseo_s2-sr_v200,2020-05-02,cloudy
ch.swisstopo.swisseo_s2-sr_v200,2020-05-03,Tile upload incomplete
ch.swisstopo.swisseo_s2-sr_v200,2020-05-05,No candidate scene
ch.swisstopo.swisseo_s2-sr_v200,2020-05-10,No candidate scene
ch.swisstopo.swisseo_s2-sr_v200,2020-05-12,cloudy
ch.swisstopo.swisseo_s2-sr_v200,2020-05-13,cloudy
ch.swisstopo.swisseo_s2-sr_v200,2020-05-15,No candidate scene
ch.swisstopo.swisseo_s2-sr_v200,2020-05-20,No candidate scene
ch.swisstopo.swisseo_s2-sr_v200,2020-05-22,cloudy
ch.swisstopo.swisseo_s2-sr_v200,2020-05-25,No candidate scene
ch.swisstopo.swisseo_s2-sr_v200,2020-05-28,cloudy
ch.swisstopo.swisseo_s2-sr_v200,2020-05-30,No candidate scene
ch.swisstopo.swisseo_s2-sr_v200,2020-06-04,No candidate scene
ch.swisstopo.swisseo_s2-sr_v200,2020-06-06,cloudy
ch.swisstopo.swisseo_s2-sr_v200,2020-06-07,cloudy
ch.swisstopo.swisseo_s2-sr_v200,2020-06-09,No candidate scene
ch.swisstopo.swisseo_s2-sr_v200,2020-06-10,cloudy
ch.swisstopo.swisseo_s2-sr_v200,2020-06-14,No candidate scene
ch.swisstopo.swisseo_s2-sr_v200,2020-06-17,cloudy
ch.swisstopo.swisseo_s2-sr_v200,2020-06-19,No candidate scene
ch.swisstopo.swisseo_s2-sr_v200,2020-06-24,No candidate scene
ch.swisstopo.swisseo_s2-sr_v200,2020-06-26,cloudy
ch.swisstopo.swisseo_s2-sr_v200,2020-06-29,No candidate scene
ch.swisstopo.swisseo_s2-sr_v200,2020-07-04,No candidate scene
ch.swisstopo.swisseo_s2-sr_v200,2020-07-09,No candidate scene
ch.swisstopo.swisseo_s2-sr_v200,2020-07-12,Tile upload incomplete
ch.swisstopo.swisseo_s2-sr_v200,2020-07-14,No candidate scene
ch.swisstopo.swisseo_s2-sr_v200,2020-07-16,cloudy
ch.swisstopo.swisseo_s2-sr_v200,2020-07-17,cloudy
ch.swisstopo.swisseo_s2-sr_v200,2020-07-19,No candidate scene
ch.swisstopo.swisseo_s2-sr_v200,2020-07-22,Tile upload incomplete
ch.swisstopo.swisseo_s2-sr_v200,2020-07-24,No candidate scene
ch.swisstopo.swisseo_s2-sr_v200,2020-07-29,No candidate scene
ch.swisstopo.swisseo_s2-sr_v200,2020-08-01,Tile upload incomplete
ch.swisstopo.swisseo_s2-sr_v200,2020-08-03,No candidate scene
ch.swisstopo.swisseo_s2-sr_v200,2020-08-08,No candidate scene
ch.swisstopo.swisseo_s2-sr_v200,2020-08-13,No candidate scene
ch.swisstopo.swisseo_s2-sr_v200,2020-08-18,No candidate scene
ch.swisstopo.swisseo_s2-sr_v200,2020-08-23,No candidate scene
ch.swisstopo.swisseo_s2-sr_v200,2020-08-25,cloudy
ch.swisstopo.swisseo_s2-sr_v200,2020-08-28,No candidate scene
ch.swisstopo.swisseo_s2-sr_v200,2020-08-29,cloudy
ch.swisstopo.swisseo_s2-sr_v200,2020-08-30,cloudy
ch.swisstopo.swisseo_s2-sr_v200,2020-08-31,cloudy
ch.swisstopo.swisseo_s2-sr_v200,2020-09-02,No candidate scene
ch.swisstopo.swisseo_s2-sr_v200,2020-09-07,No candidate scene
ch.swisstopo.swisseo_s2-sr_v200,2020-09-12,No candidate scene
ch.swisstopo.swisseo_s2-sr_v200,2020-09-17,No candidate scene
ch.swisstopo.swisseo_s2-sr_v200,2020-09-22,No candidate scene
ch.swisstopo.swisseo_s2-sr_v200,2020-09-24,cloudy
ch.swisstopo.swisseo_s2-sr_v200,2020-09-25,cloudy
ch.swisstopo.swisseo_s2-sr_v200,2020-09-27,No candidate scene
ch.swisstopo.swisseo_s2-sr_v200,2020-10-02,No candidate scene
ch.swisstopo.swisseo_s2-sr_v200,2020-10-04,cloudy
ch.swisstopo.swisseo_s2-sr_v200,2020-10-05,No candidate scene
ch.swisstopo.swisseo_s2-sr_v200,2020-10-06,cloudy
ch.swisstopo.swisseo_s2-sr_v200,2020-10-07,No candidate scene
ch.swisstopo.swisseo_s2-sr_v200,2020-10-12,No candidate scene
ch.swisstopo.swisseo_s2-sr_v200,2020-10-15,cloudy
ch.swisstopo.swisseo_s2-sr_v200,2020-10-17,No candidate scene
ch.swisstopo.swisseo_s2-sr_v200,2020-10-22,No candidate scene
ch.swisstopo.swisseo_s2-sr_v200,2020-10-26,cloudy
ch.swisstopo.swisseo_s2-sr_v200,2020-10-27,No candidate scene
ch.swisstopo.swisseo_s2-sr_v200,2020-10-29,cloudy
ch.swisstopo.swisseo_s2-sr_v200,2020-11-01,No candidate scene
ch.swisstopo.swisseo_s2-sr_v200,2020-11-03,cloudy
ch.swisstopo.swisseo_s2-sr_v200,2020-11-04,cloudy
ch.swisstopo.swisseo_s2-sr_v200,2020-11-06,No candidate scene
ch.swisstopo.swisseo_s2-sr_v200,2020-11-11,No candidate scene
ch.swisstopo.swisseo_s2-sr_v200,2020-11-16,No candidate scene
ch.swisstopo.swisseo_s2-sr_v200,2020-11-21,No candidate scene
ch.swisstopo.swisseo_s2-sr_v200,2020-11-26,No candidate scene
ch.swisstopo.swisseo_s2-sr_v200,2020-12-01,No candidate scene
ch.swisstopo.swisseo_s2-sr_v200,2020-12-04,cloudy
ch.swisstopo.swisseo_s2-sr_v200,2020-12-06,No candidate scene
ch.swisstopo.swisseo_s2-sr_v200,2020-12-09,cloudy
ch.swisstopo.swisseo_s2-sr_v200,2020-12-11,No candidate scene
ch.swisstopo.swisseo_s2-sr_v200,2020-12-14,No candidate scene
ch.swisstopo.swisseo_s2-sr_v200,2020-12-16,No candidate scene
ch.swisstopo.swisseo_s2-sr_v200,2020-12-18,cloudy
ch.swisstopo.swisseo_s2-sr_v200,2020-12-19,Tile upload incomplete
ch.swisstopo.swisseo_s2-sr_v200,2020-12-21,No candidate scene
ch.swisstopo.swisseo_s2-sr_v200,2020-12-23,cloudy
ch.swisstopo.swisseo_s2-sr_v200,2020-12-26,No candidate scene
ch.swisstopo.swisseo_s2-sr_v200,2020-12-28,cloudy
ch.swisstopo.swisseo_s2-sr_v200,2020-12-31,No candidate scene
ch.swisstopo.swisseo_s2-sr_v200,2021-01-02,cloudy
ch.swisstopo.swisseo_s2-sr_v200,2021-01-03,cloudy
ch.swisstopo.swisseo_s2-sr_v200,2021-01-05,No candidate scene
ch.swisstopo.swisseo_s2-sr_v200,2021-01-10,No candidate scene
ch.swisstopo.swisseo_s2-sr_v200,2021-01-12,cloudy
ch.swisstopo.swisseo_s2-sr_v200,2021-01-15,No candidate scene
ch.swisstopo.swisseo_s2-sr_v200,2021-01-17,cloudy
ch.swisstopo.swisseo_s2-sr_v200,2021-01-20,No candidate scene
ch.swisstopo.swisseo_s2-sr_v200,2021-01-22,cloudy
ch.swisstopo.swisseo_s2-sr_v200,2021-01-25,No candidate scene
ch.swisstopo.swisseo_s2-sr_v200,2021-01-27,cloudy
ch.swisstopo.swisseo_s2-sr_v200,2021-01-28,cloudy
ch.swisstopo.swisseo_s2-sr_v200,2021-01-30,No candidate scene
ch.swisstopo.swisseo_s2-sr_v200,2021-02-01,cloudy
ch.swisstopo.swisseo_s2-sr_v200,2021-02-02,cloudy
ch.swisstopo.swisseo_s2-sr_v200,2021-02-04,No candidate scene
ch.swisstopo.swisseo_s2-sr_v200,2021-02-06,cloudy
ch.swisstopo.swisseo_s2-sr_v200,2021-02-07,cloudy
ch.swisstopo.swisseo_s2-sr_v200,2021-02-09,No candidate scene
ch.swisstopo.swisseo_s2-sr_v200,2021-02-14,No candidate scene
ch.swisstopo.swisseo_s2-sr_v200,2021-02-19,No candidate scene
ch.swisstopo.swisseo_s2-sr_v200,2021-02-24,No candidate scene
ch.swisstopo.swisseo_s2-sr_v200,2021-03-01,No candidate scene
ch.swisstopo.swisseo_s2-sr_v200,2021-03-03,cloudy
ch.swisstopo.swisseo_s2-sr_v200,2021-03-04,cloudy
ch.swisstopo.swisseo_s2-sr_v200,2021-03-06,No candidate scene
ch.swisstopo.swisseo_s2-sr_v200,2021-03-11,No candidate scene
ch.swisstopo.swisseo_s2-sr_v200,2021-03-13,cloudy
ch.swisstopo.swisseo_s2-sr_v200,2021-03-14,cloudy
ch.swisstopo.swisseo_s2-sr_v200,2021-03-15,cloudy
ch.swisstopo.swisseo_s2-sr_v200,2021-03-16,No candidate scene
ch.swisstopo.swisseo_s2-sr_v200,2021-03-21,No candidate scene
ch.swisstopo.swisseo_s2-sr_v200,2021-03-26,No candidate scene
ch.swisstopo.swisseo_s2-sr_v200,2021-03-31,No candidate scene
ch.swisstopo.swisseo_s2-sr_v200,2021-04-05,No candidate scene
ch.swisstopo.swisseo_s2-sr_v200,2021-04-10,No candidate scene
ch.swisstopo.swisseo_s2-sr_v200,2021-04-15,No candidate scene
ch.swisstopo.swisseo_s2-sr_v200,2021-04-18,cloudy
ch.swisstopo.swisseo_s2-sr_v200,2021-04-20,No candidate scene
ch.swisstopo.swisseo_s2-sr_v200,2021-04-23,Tile upload incomplete
ch.swisstopo.swisseo_s2-sr_v200,2021-04-25,No candidate scene
ch.swisstopo.swisseo_s2-sr_v200,2021-04-29,cloudy
ch.swisstopo.swisseo_s2-sr_v200,2021-04-30,No candidate scene
ch.swisstopo.swisseo_s2-sr_v200,2021-05-01,cloudy
ch.swisstopo.swisseo_s2-sr_v200,2021-05-02,cloudy
ch.swisstopo.swisseo_s2-sr_v200,2021-05-05,No candidate scene
ch.swisstopo.swisseo_s2-sr_v200,2021-05-07,cloudy
ch.swisstopo.swisseo_s2-sr_v200,2021-05-10,No candidate scene
ch.swisstopo.swisseo_s2-sr_v200,2021-05-13,cloudy
ch.swisstopo.swisseo_s2-sr_v200,2021-05-15,No candidate scene
ch.swisstopo.swisseo_s2-sr_v200,2021-05-16,cloudy
ch.swisstopo.swisseo_s2-sr_v200,2021-05-17,cloudy
ch.swisstopo.swisseo_s2-sr_v200,2021-05-20,No candidate scene
ch.swisstopo.swisseo_s2-sr_v200,2021-05-24,cloudy
ch.swisstopo.swisseo_s2-sr_v200,2021-05-25,No candidate scene
ch.swisstopo.swisseo_s2-sr_v200,2021-05-30,No candidate scene
ch.swisstopo.swisseo_s2-sr_v200,2021-06-04,No candidate scene
ch.swisstopo.swisseo_s2-sr_v200,2021-06-06,cloudy
ch.swisstopo.swisseo_s2-sr_v200,2021-06-07,cloudy
ch.swisstopo.swisseo_s2-sr_v200,2021-06-09,No candidate scene
ch.swisstopo.swisseo_s2-sr_v200,2021-06-14,No candidate scene
ch.swisstopo.swisseo_s2-sr_v200,2021-06-19,No candidate scene
ch.swisstopo.swisseo_s2-sr_v200,2021-06-24,No candidate scene
ch.swisstopo.swisseo_s2-sr_v200,2021-06-29,No candidate scene
ch.swisstopo.swisseo_s2-sr_v200,2021-07-04,No candidate scene
ch.swisstopo.swisseo_s2-sr_v200,2021-07-06,cloudy
ch.swisstopo.swisseo_s2-sr_v200,2021-07-07,cloudy
ch.swisstopo.swisseo_s2-sr_v200,2021-07-08,cloudy
ch.swisstopo.swisseo_s2-sr_v200,2021-07-09,No candidate scene
ch.swisstopo.swisseo_s2-sr_v200,2021-07-13,cloudy
ch.swisstopo.swisseo_s2-sr_v200,2021-07-14,No candidate scene
ch.swisstopo.swisseo_s2-sr_v200,2021-07-15,cloudy
ch.swisstopo.swisseo_s2-sr_v200,2021-07-17,cloudy
ch.swisstopo.swisseo_s2-sr_v200,2021-07-19,No candidate scene
ch.swisstopo.swisseo_s2-sr_v200,2021-07-24,No candidate scene
ch.swisstopo.swisseo_s2-sr_v200,2021-07-26,cloudy
ch.swisstopo.swisseo_s2-sr_v200,2021-07-27,cloudy
ch.swisstopo.swisseo_s2-sr_v200,2021-07-28,cloudy
ch.swisstopo.swisseo_s2-sr_v200,2021-07-29,No candidate scene
ch.swisstopo.swisseo_s2-sr_v200,2021-07-31,cloudy
ch.swisstopo.swisseo_s2-sr_v200,2021-08-01,cloudy
ch.swisstopo.swisseo_s2-sr_v200,2021-08-03,No candidate scene
ch.swisstopo.swisseo_s2-sr_v200,2021-08-04,cloudy
ch.swisstopo.swisseo_s2-sr_v200,2021-08-05,cloudy
ch.swisstopo.swisseo_s2-sr_v200,2021-08-07,cloudy
ch.swisstopo.swisseo_s2-sr_v200,2021-08-08,No candidate scene
ch.swisstopo.swisseo_s2-sr_v200,2021-08-13,No candidate scene
ch.swisstopo.swisseo_s2-sr_v200,2021-08-18,No candidate scene
ch.swisstopo.swisseo_s2-sr_v200,2021-08-23,No candidate scene
ch.swisstopo.swisseo_s2-sr_v200,2021-08-28,No candidate scene
ch.swisstopo.swisseo_s2-sr_v200,2021-09-02,No candidate scene
ch.swisstopo.swisseo_s2-sr_v200,2021-09-07,No candidate scene
ch.swisstopo.swisseo_s2-sr_v200,2021-09-09,cloudy
ch.swisstopo.swisseo_s2-sr_v200,2021-09-10,Tile upload incomplete
ch.swisstopo.swisseo_s2-sr_v200,2021-09-12,No candidate scene
ch.swisstopo.swisseo_s2-sr_v200,2021-09-14,cloudy
ch.swisstopo.swisseo_s2-sr_v200,2021-09-15,cloudy
ch.swisstopo.swisseo_s2-sr_v200,2021-09-17,No candidate scene
ch.swisstopo.swisseo_s2-sr_v200,2021-09-19,cloudy
ch.swisstopo.swisseo_s2-sr_v200,2021-09-22,No candidate scene
ch.swisstopo.swisseo_s2-sr_v200,2021-09-26,cloudy
ch.swisstopo.swisseo_s2-sr_v200,2021-09-27,No candidate scene
ch.swisstopo.swisseo_s2-sr_v200,2021-10-02,No candidate scene
ch.swisstopo.swisseo_s2-sr_v200,2021-10-04,cloudy
ch.swisstopo.swisseo_s2-sr_v200,2021-10-05,cloudy
ch.swisstopo.swisseo_s2-sr_v200,2021-10-07,No candidate scene
ch.swisstopo.swisseo_s2-sr_v200,2021-10-12,No candidate scene
ch.swisstopo.swisseo_s2-sr_v200,2021-10-17,No candidate scene
ch.swisstopo.swisseo_s2-sr_v200,2021-10-22,No candidate scene
ch.swisstopo.swisseo_s2-sr_v200,2021-10-25,cloudy
ch.swisstopo.swisseo_s2-sr_v200,2021-10-27,No candidate scene
ch.swisstopo.swisseo_s2-sr_v200,2021-10-30,cloudy
ch.swisstopo.swisseo_s2-sr_v200,2021-11-01,No candidate scene
ch.swisstopo.swisseo_s2-sr_v200,2021-11-03,cloudy
ch.swisstopo.swisseo_s2-sr_v200,2021-11-04,cloudy
ch.swisstopo.swisseo_s2-sr_v200,2021-11-06,No candidate scene
ch.swisstopo.swisseo_s2-sr_v200,2021-11-08,No candidate scene
ch.swisstopo.swisseo_s2-sr_v200,2021-11-09,No candidate scene
ch.swisstopo.swisseo_s2-sr_v200,2021-11-11,No candidate scene
ch.swisstopo.swisseo_s2-sr_v200,2021-11-13,cloudy
ch.swisstopo.swisseo_s2-sr_v200,2021-11-14,cloudy
ch.swisstopo.swisseo_s2-sr_v200,2021-11-16,No candidate scene
ch.swisstopo.swisseo_s2-sr_v200,2021-11-21,No candidate scene
ch.swisstopo.swisseo_s2-sr_v200,2021-11-22,cloudy
ch.swisstopo.swisseo_s2-sr_v200,2021-11-23,cloudy
ch.swisstopo.swisseo_s2-sr_v200,2021-11-25,cloudy
ch.swisstopo.swisseo_s2-sr_v200,2021-11-26,No candidate scene
ch.swisstopo.swisseo_s2-sr_v200,2021-11-28,cloudy
ch.swisstopo.swisseo_s2-sr_v200,2021-12-01,No candidate scene
ch.swisstopo.swisseo_s2-sr_v200,2021-12-06,No candidate scene
ch.swisstopo.swisseo_s2-sr_v200,2021-12-08,cloudy
ch.swisstopo.swisseo_s2-sr_v200,2021-12-09,cloudy
ch.swisstopo.swisseo_s2-sr_v200,2021-12-10,cloudy
ch.swisstopo.swisseo_s2-sr_v200,2021-12-11,No candidate scene
ch.swisstopo.swisseo_s2-sr_v200,2021-12-13,No candidate scene
ch.swisstopo.swisseo_s2-sr_v200,2021-12-16,No candidate scene
ch.swisstopo.swisseo_s2-sr_v200,2021-12-21,No candidate scene
ch.swisstopo.swisseo_s2-sr_v200,2021-12-23,cloudy
ch.swisstopo.swisseo_s2-sr_v200,2021-12-24,cloudy
ch.swisstopo.swisseo_s2-sr_v200,2021-12-26,No candidate scene
ch.swisstopo.swisseo_s2-sr_v200,2021-12-28,No candidate scene
ch.swisstopo.swisseo_s2-sr_v200,2021-12-29,cloudy
ch.swisstopo.swisseo_s2-sr_v200,2021-12-31,No candidate scene
ch.swisstopo.swisseo_s2-sr_v200,2022-01-02,cloudy
ch.swisstopo.swisseo_s2-sr_v200,2022-01-05,No candidate scene
ch.swisstopo.swisseo_s2-sr_v200,2022-01-07,cloudy
ch.swisstopo.swisseo_s2-sr_v200,2022-01-10,No candidate scene
ch.swisstopo.swisseo_s2-sr_v200,2022-01-15,No candidate scene
ch.swisstopo.swisseo_s2-sr_v200,2022-01-20,No candidate scene
ch.swisstopo.swisseo_s2-sr_v200,2022-01-25,No candidate scene
ch.swisstopo.swisseo_s2-sr_v200,2022-01-30,No candidate scene
ch.swisstopo.swisseo_s2-sr_v200,2022-02-01,cloudy
ch.swisstopo.swisseo_s2-sr_v200,2022-02-02,cloudy
ch.swisstopo.swisseo_s2-sr_v200,2022-02-04,No candidate scene
ch.swisstopo.swisseo_s2-sr_v200,2022-02-06,cloudy
ch.swisstopo.swisseo_s2-sr_v200,2022-02-07,cloudy
ch.swisstopo.swisseo_s2-sr_v200,2022-02-09,No candidate scene
ch.swisstopo.swisseo_s2-sr_v200,2022-02-14,No candidate scene
ch.swisstopo.swisseo_s2-sr_v200,2022-02-16,cloudy
ch.swisstopo.swisseo_s2-sr_v200,2022-02-19,No candidate scene
ch.swisstopo.swisseo_s2-sr_v200,2022-02-21,cloudy
ch.swisstopo.swisseo_s2-sr_v200,2022-02-24,No candidate scene
ch.swisstopo.swisseo_s2-sr_v200,2022-03-01,No candidate scene
ch.swisstopo.swisseo_s2-sr_v200,2022-03-06,No candidate scene
ch.swisstopo.swisseo_s2-sr_v200,2022-03-11,No candidate scene
ch.swisstopo.swisseo_s2-sr_v200,2022-03-13,cloudy
ch.swisstopo.swisseo_s2-sr_v200,2022-03-15,cloudy
ch.swisstopo.swisseo_s2-sr_v200,2022-03-16,No candidate scene
ch.swisstopo.swisseo_s2-sr_v200,2022-03-18,cloudy
ch.swisstopo.swisseo_s2-sr_v200,2022-03-21,No candidate scene
ch.swisstopo.swisseo_s2-sr_v200,2022-03-26,No candidate scene
ch.swisstopo.swisseo_s2-sr_v200,2022-03-30,cloudy
ch.swisstopo.swisseo_s2-sr_v200,2022-03-31,No candidate scene
ch.swisstopo.swisseo_s2-sr_v200,2022-04-01,cloudy
ch.swisstopo.swisseo_s2-sr_v200,2022-04-02,cloudy
ch.swisstopo.swisseo_s2-sr_v200,2022-04-05,No candidate scene
ch.swisstopo.swisseo_s2-sr_v200,2022-04-07,cloudy
ch.swisstopo.swisseo_s2-sr_v200,2022-04-08,Tile upload incomplete
ch.swisstopo.swisseo_s2-sr_v200,2022-04-10,No candidate scene
ch.swisstopo.swisseo_s2-sr_v200,2022-04-15,No candidate scene
ch.swisstopo.swisseo_s2-sr_v200,2022-04-20,No candidate scene
ch.swisstopo.swisseo_s2-sr_v200,2022-04-23,cloudy
ch.swisstopo.swisseo_s2-sr_v200,2022-04-24,cloudy
ch.swisstopo.swisseo_s2-sr_v200,2022-04-25,No candidate scene
ch.swisstopo.swisseo_s2-sr_v200,2022-04-30,No candidate scene
ch.swisstopo.swisseo_s2-sr_v200,2022-05-05,No candidate scene
ch.swisstopo.swisseo_s2-sr_v200,2022-05-06,cloudy
ch.swisstopo.swisseo_s2-sr_v200,2022-05-08,cloudy
ch.swisstopo.swisseo_s2-sr_v200,2022-05-10,No candidate scene
ch.swisstopo.swisseo_s2-sr_v200,2022-05-15,No candidate scene
ch.swisstopo.swisseo_s2-sr_v200,2022-05-20,No candidate scene
ch.swisstopo.swisseo_s2-sr_v200,2022-05-22,cloudy
ch.swisstopo.swisseo_s2-sr_v200,2022-05-25,No candidate scene
ch.swisstopo.swisseo_s2-sr_v200,2022-05-30,No candidate scene
ch.swisstopo.swisseo_s2-sr_v200,2022-06-01,cloudy
ch.swisstopo.swisseo_s2-sr_v200,2022-06-02,cloudy
ch.swisstopo.swisseo_s2-sr_v200,2022-06-04,No candidate scene
ch.swisstopo.swisseo_s2-sr_v200,2022-06-06,cloudy
ch.swisstopo.swisseo_s2-sr_v200,2022-06-07,cloudy
ch.swisstopo.swisseo_s2-sr_v200,2022-06-09,No candidate scene
ch.swisstopo.swisseo_s2-sr_v200,2022-06-14,No candidate scene
ch.swisstopo.swisseo_s2-sr_v200,2022-06-19,No candidate scene
ch.swisstopo.swisseo_s2-sr_v200,2022-06-22,cloudy
ch.swisstopo.swisseo_s2-sr_v200,2022-06-24,No candidate scene
ch.swisstopo.swisseo_s2-sr_v200,2022-06-29,No candidate scene
ch.swisstopo.swisseo_s2-sr_v200,2022-07-04,No candidate scene
ch.swisstopo.swisseo_s2-sr_v200,2022-07-07,cloudy
ch.swisstopo.swisseo_s2-sr_v200,2022-07-09,No candidate scene
ch.swisstopo.swisseo_s2-sr_v200,2022-07-14,No candidate scene
ch.swisstopo.swisseo_s2-sr_v200,2022-07-19,No candidate scene
ch.swisstopo.swisseo_s2-sr_v200,2022-07-24,No candidate scene
ch.swisstopo.swisseo_s2-sr_v200,2022-07-29,No candidate scene
ch.swisstopo.swisseo_s2-sr_v200,2022-08-03,No candidate scene
ch.swisstopo.swisseo_s2-sr_v200,2022-08-06,cloudy
ch.swisstopo.swisseo_s2-sr_v200,2022-08-08,No candidate scene
ch.swisstopo.swisseo_s2-sr_v200,2022-08-13,No candidate scene
ch.swisstopo.swisseo_s2-sr_v200,2022-08-15,cloudy
ch.swisstopo.swisseo_s2-sr_v200,2022-08-18,No candidate scene
ch.swisstopo.swisseo_s2-sr_v200,2022-08-19,cloudy
ch.swisstopo.swisseo_s2-sr_v200,2022-08-23,No candidate scene
ch.swisstopo.swisseo_s2-sr_v200,2022-08-28,No candidate scene
ch.swisstopo.swisseo_s2-sr_v200,2022-08-31,cloudy
ch.swisstopo.swisseo_s2-sr_v200,2022-09-02,No candidate scene
ch.swisstopo.swisseo_s2-sr_v200,2022-09-07,No candidate scene
ch.swisstopo.swisseo_s2-sr_v200,2022-09-12,No candidate scene
ch.swisstopo.swisseo_s2-sr_v200,2022-09-14,cloudy
ch.swisstopo.swisseo_s2-sr_v200,2022-09-17,No candidate scene
ch.swisstopo.swisseo_s2-sr_v200,2022-09-22,No candidate scene
ch.swisstopo.swisseo_s2-sr_v200,2022-09-25,cloudy
ch.swisstopo.swisseo_s2-sr_v200,2022-09-27,No candidate scene
ch.swisstopo.swisseo_s2-sr_v200,2022-09-28,cloudy
ch.swisstopo.swisseo_s2-sr_v200,2022-09-29,cloudy
ch.swisstopo.swisseo_s2-sr_v200,2022-09-30,cloudy
ch.swisstopo.swisseo_s2-sr_v200,2022-10-01,cloudy
ch.swisstopo.swisseo_s2-sr_v200,2022-10-02,No candidate scene
ch.swisstopo.swisseo_s2-sr_v200,2022-10-07,No candidate scene
ch.swisstopo.swisseo_s2-sr_v200,2022-10-10,cloudy
ch.swisstopo.swisseo_s2-sr_v200,2022-10-12,No candidate scene
ch.swisstopo.swisseo_s2-sr_v200,2022-10-14,cloudy
ch.swisstopo.swisseo_s2-sr_v200,2022-10-17,No candidate scene
ch.swisstopo.swisseo_s2-sr_v200,2022-10-20,cloudy
ch.swisstopo.swisseo_s2-sr_v200,2022-10-21,cloudy
ch.swisstopo.swisseo_s2-sr_v200,2022-10-22,No candidate scene
ch.swisstopo.swisseo_s2-sr_v200,2022-10-24,cloudy
ch.swisstopo.swisseo_s2-sr_v200,2022-10-27,No candidate scene
ch.swisstopo.swisseo_s2-sr_v200,2022-11-01,No candidate scene
ch.swisstopo.swisseo_s2-sr_v200,2022-11-03,cloudy
ch.swisstopo.swisseo_s2-sr_v200,2022-11-04,cloudy
ch.swisstopo.swisseo_s2-sr_v200,2022-11-06,No candidate scene
ch.swisstopo.swisseo_s2-sr_v200,2022-11-07,No candidate scene
ch.swisstopo.swisseo_s2-sr_v200,2022-11-11,No candidate scene
ch.swisstopo.swisseo_s2-sr_v200,2022-11-14,cloudy
ch.swisstopo.swisseo_s2-sr_v200,2022-11-15,cloudy
ch.swisstopo.swisseo_s2-sr_v200,2022-11-16,No candidate scene
ch.swisstopo.swisseo_s2-sr_v200,2022-11-21,No candidate scene
ch.swisstopo.swisseo_s2-sr_v200,2022-11-26,No candidate scene
ch.swisstopo.swisseo_s2-sr_v200,2022-11-28,cloudy
ch.swisstopo.swisseo_s2-sr_v200,2022-11-29,cloudy
ch.swisstopo.swisseo_s2-sr_v200,2022-12-01,No candidate scene
ch.swisstopo.swisseo_s2-sr_v200,2022-12-03,cloudy
ch.swisstopo.swisseo_s2-sr_v200,2022-12-04,cloudy
ch.swisstopo.swisseo_s2-sr_v200,2022-12-06,No candidate scene
ch.swisstopo.swisseo_s2-sr_v200,2022-12-09,cloudy
ch.swisstopo.swisseo_s2-sr_v200,2022-12-11,No candidate scene
ch.swisstopo.swisseo_s2-sr_v200,2022-12-12,No candidate scene
ch.swisstopo.swisseo_s2-sr_v200,2022-12-13,cloudy
ch.swisstopo.swisseo_s2-sr_v200,2022-12-16,No candidate scene
ch.swisstopo.swisseo_s2-sr_v200,2022-12-19,cloudy
ch.swisstopo.swisseo_s2-sr_v200,2022-12-21,No candidate scene
ch.swisstopo.swisseo_s2-sr_v200,2022-12-23,cloudy
ch.swisstopo.swisseo_s2-sr_v200,2022-12-26,No candidate scene
ch.swisstopo.swisseo_s2-sr_v200,2022-12-31,No candidate scene
ch.swisstopo.swisseo_s2-sr_v200,2023-01-03,cloudy
ch.swisstopo.swisseo_s2-sr_v200,2023-01-05,No candidate scene
ch.swisstopo.swisseo_s2-sr_v200,2023-01-08,Tile upload incomplete
ch.swisstopo.swisseo_s2-sr_v200,2023-01-10,No candidate scene
ch.swisstopo.swisseo_s2-sr_v200,2023-01-12,cloudy
ch.swisstopo.swisseo_s2-sr_v200,2023-01-15,No candidate scene
ch.swisstopo.swisseo_s2-sr_v200,2023-01-17,cloudy
ch.swisstopo.swisseo_s2-sr_v200,2023-01-18,Tile upload incomplete
ch.swisstopo.swisseo_s2-sr_v200,2023-01-20,No candidate scene
ch.swisstopo.swisseo_s2-sr_v200,2023-01-22,cloudy
ch.swisstopo.swisseo_s2-sr_v200,2023-01-23,cloudy
ch.swisstopo.swisseo_s2-sr_v200,2023-01-25,No candidate scene
ch.swisstopo.swisseo_s2-sr_v200,2023-01-27,cloudy
ch.swisstopo.swisseo_s2-sr_v200,2023-01-30,No candidate scene
ch.swisstopo.swisseo_s2-sr_v200,2023-02-04,No candidate scene
ch.swisstopo.swisseo_s2-sr_v200,2023-02-06,cloudy
ch.swisstopo.swisseo_s2-sr_v200,2023-02-09,No candidate scene
ch.swisstopo.swisseo_s2-sr_v200,2023-02-14,No candidate scene
ch.swisstopo.swisseo_s2-sr_v200,2023-02-17,Tile upload incomplete
ch.swisstopo.swisseo_s2-sr_v200,2023-02-19,No candidate scene
ch.swisstopo.swisseo_s2-sr_v200,2023-02-24,No candidate scene
ch.swisstopo.swisseo_s2-sr_v200,2023-03-01,No candidate scene
ch.swisstopo.swisseo_s2-sr_v200,2023-03-04,No candidate scene
ch.swisstopo.swisseo_s2-sr_v200,2023-03-06,No candidate scene
ch.swisstopo.swisseo_s2-sr_v200,2023-03-08,cloudy
ch.swisstopo.swisseo_s2-sr_v200,2023-03-10,cloudy
ch.swisstopo.swisseo_s2-sr_v200,2023-03-11,No candidate scene
ch.swisstopo.swisseo_s2-sr_v200,2023-03-13,cloudy
ch.swisstopo.swisseo_s2-sr_v200,2023-03-16,No candidate scene
ch.swisstopo.swisseo_s2-sr_v200,2023-03-21,No candidate scene
ch.swisstopo.swisseo_s2-sr_v200,2023-03-23,cloudy
ch.swisstopo.swisseo_s2-sr_v200,2023-03-24,cloudy
ch.swisstopo.swisseo_s2-sr_v200,2023-03-26,No candidate scene
ch.swisstopo.swisseo_s2-sr_v200,2023-03-29,cloudy
ch.swisstopo.swisseo_s2-sr_v200,2023-03-30,cloudy
ch.swisstopo.swisseo_s2-sr_v200,2023-03-31,No candidate scene
ch.swisstopo.swisseo_s2-sr_v200,2023-04-02,cloudy
ch.swisstopo.swisseo_s2-sr_v200,2023-04-05,No candidate scene
ch.swisstopo.swisseo_s2-sr_v200,2023-04-07,cloudy
ch.swisstopo.swisseo_s2-sr_v200,2023-04-08,cloudy
ch.swisstopo.swisseo_s2-sr_v200,2023-04-10,No candidate scene
ch.swisstopo.swisseo_s2-sr_v200,2023-04-12,cloudy
ch.swisstopo.swisseo_s2-sr_v200,2023-04-13,cloudy
ch.swisstopo.swisseo_s2-sr_v200,2023-04-15,No candidate scene
ch.swisstopo.swisseo_s2-sr_v200,2023-04-17,cloudy
ch.swisstopo.swisseo_s2-sr_v200,2023-04-20,No candidate scene
ch.swisstopo.swisseo_s2-sr_v200,2023-04-22,cloudy
ch.swisstopo.swisseo_s2-sr_v200,2023-04-23,cloudy
ch.swisstopo.swisseo_s2-sr_v200,2023-04-25,No candidate scene
ch.swisstopo.swisseo_s2-sr_v200,2023-04-28,cloudy
ch.swisstopo.swisseo_s2-sr_v200,2023-04-30,No candidate scene
ch.swisstopo.swisseo_s2-sr_v200,2023-05-01,cloudy
ch.swisstopo.swisseo_s2-sr_v200,2023-05-05,No candidate scene
ch.swisstopo.swisseo_s2-sr_v200,2023-05-07,cloudy
ch.swisstopo.swisseo_s2-sr_v200,2023-05-08,cloudy
ch.swisstopo.swisseo_s2-sr_v200,2023-05-10,No candidate scene
ch.swisstopo.swisseo_s2-sr_v200,2023-05-11,cloudy
ch.swisstopo.swisseo_s2-sr_v200,2023-05-13,cloudy
ch.swisstopo.swisseo_s2-sr_v200,2023-05-15,No candidate scene
ch.swisstopo.swisseo_s2-sr_v200,2023-05-16,cloudy
ch.swisstopo.swisseo_s2-sr_v200,2023-05-20,No candidate scene
ch.swisstopo.swisseo_s2-sr_v200,2023-05-25,No candidate scene
ch.swisstopo.swisseo_s2-sr_v200,2023-05-28,cloudy
ch.swisstopo.swisseo_s2-sr_v200,2023-05-30,No candidate scene
ch.swisstopo.swisseo_s2-sr_v200,2023-06-04,No candidate scene
ch.swisstopo.swisseo_s2-sr_v200,2023-06-09,No candidate scene
ch.swisstopo.swisseo_s2-sr_v200,2023-06-14,No candidate scene
ch.swisstopo.swisseo_s2-sr_v200,2023-06-19,No candidate scene
ch.swisstopo.swisseo_s2-sr_v200,2023-06-24,No candidate scene
ch.swisstopo.swisseo_s2-sr_v200,2023-06-29,No candidate scene
ch.swisstopo.swisseo_s2-sr_v200,2023-06-30,cloudy
ch.swisstopo.swisseo_s2-sr_v200,2023-07-01,cloudy
ch.swisstopo.swisseo_s2-sr_v200,2023-07-02,cloudy
ch.swisstopo.swisseo_s2-sr_v200,2023-07-04,No candidate scene
ch.swisstopo.swisseo_s2-sr_v200,2023-07-09,No candidate scene
ch.swisstopo.swisseo_s2-sr_v200,2023-07-14,No candidate scene
ch.swisstopo.swisseo_s2-sr_v200,2023-07-19,No candidate scene
ch.swisstopo.swisseo_s2-sr_v200,2023-07-24,No candidate scene
ch.swisstopo.swisseo_s2-sr_v200,2023-07-26,cloudy
ch.swisstopo.swisseo_s2-sr_v200,2023-07-29,No candidate scene
ch.swisstopo.swisseo_s2-sr_v200,2023-08-01,cloudy
ch.swisstopo.swisseo_s2-sr_v200,2023-08-03,No candidate scene
ch.swisstopo.swisseo_s2-sr_v200,2023-08-08,No candidate scene
ch.swisstopo.swisseo_s2-sr_v200,2023-08-13,No candidate scene
ch.swisstopo.swisseo_s2-sr_v200,2023-08-15,cloudy
ch.swisstopo.swisseo_s2-sr_v200,2023-08-18,No candidate scene
ch.swisstopo.swisseo_s2-sr_v200,2023-08-23,No candidate scene
ch.swisstopo.swisseo_s2-sr_v200,2023-08-25,cloudy
ch.swisstopo.swisseo_s2-sr_v200,2023-08-27,cloudy
ch.swisstopo.swisseo_s2-sr_v200,2023-08-28,No candidate scene
ch.swisstopo.swisseo_s2-sr_v200,2023-09-02,No candidate scene
ch.swisstopo.swisseo_s2-sr_v200,2023-09-07,No candidate scene
ch.swisstopo.swisseo_s2-sr_v200,2023-09-08,cloudy
ch.swisstopo.swisseo_s2-sr_v200,2023-09-12,No candidate scene
ch.swisstopo.swisseo_s2-sr_v200,2023-09-13,cloudy
ch.swisstopo.swisseo_s2-sr_v200,2023-09-15,cloudy
ch.swisstopo.swisseo_s2-sr_v200,2023-09-17,No candidate scene
ch.swisstopo.swisseo_s2-sr_v200,2023-09-18,cloudy
ch.swisstopo.swisseo_s2-sr_v200,2023-09-22,No candidate scene
ch.swisstopo.swisseo_s2-sr_v200,2023-09-27,No candidate scene
ch.swisstopo.swisseo_s2-sr_v200,2023-10-02,No candidate scene
ch.swisstopo.swisseo_s2-sr_v200,2023-10-07,No candidate scene
ch.swisstopo.swisseo_s2-sr_v200,2023-10-12,No candidate scene
ch.swisstopo.swisseo_s2-sr_v200,2023-10-17,No candidate scene
ch.swisstopo.swisseo_s2-sr_v200,2023-10-19,cloudy
ch.swisstopo.swisseo_s2-sr_v200,2023-10-20,cloudy
ch.swisstopo.swisseo_s2-sr_v200,2023-10-22,No candidate scene
ch.swisstopo.swisseo_s2-sr_v200,2023-10-24,cloudy
ch.swisstopo.swisseo_s2-sr_v200,2023-10-27,No candidate scene
ch.swisstopo.swisseo_s2-sr_v200,2023-10-29,cloudy
ch.swisstopo.swisseo_s2-sr_v200,2023-10-30,cloudy
ch.swisstopo.swisseo_s2-sr_v200,2023-11-01,No candidate scene
ch.swisstopo.swisseo_s2-sr_v200,2023-11-02,cloudy
ch.swisstopo.swisseo_s2-sr_v200,2023-11-06,No candidate scene
ch.swisstopo.swisseo_s2-sr_v200,2023-11-11,No candidate scene
ch.swisstopo.swisseo_s2-sr_v200,2023-11-12,cloudy
ch.swisstopo.swisseo_s2-sr_v200,2023-11-13,cloudy
ch.swisstopo.swisseo_s2-sr_v200,2023-11-16,No candidate scene
ch.swisstopo.swisseo_s2-sr_v200,2023-11-18,cloudy
ch.swisstopo.swisseo_s2-sr_v200,2023-11-21,No candidate scene
ch.swisstopo.swisseo_s2-sr_v200,2023-11-23,No candidate scene
ch.swisstopo.swisseo_s2-sr_v200,2023-11-24,Tile upload incomplete
ch.swisstopo.swisseo_s2-sr_v200,2023-11-26,No candidate scene
ch.swisstopo.swisseo_s2-sr_v200,2023-11-28,cloudy
ch.swisstopo.swisseo_s2-sr_v200,2023-11-29,Tile upload incomplete
ch.swisstopo.swisseo_s2-sr_v200,2023-11-30,cloudy
ch.swisstopo.swisseo_s2-sr_v200,2023-12-01,No candidate scene
ch.swisstopo.swisseo_s2-sr_v200,2023-12-02,cloudy
ch.swisstopo.swisseo_s2-sr_v200,2023-12-04,No candidate scene
ch.swisstopo.swisseo_s2-sr_v200,2023-12-06,No candidate scene
ch.swisstopo.swisseo_s2-sr_v200,2023-12-08,cloudy
ch.swisstopo.swisseo_s2-sr_v200,2023-12-09,Tile upload incomplete
ch.swisstopo.swisseo_s2-sr_v200,2023-12-11,No candidate scene
ch.swisstopo.swisseo_s2-sr_v200,2023-12-13,cloudy
ch.swisstopo.swisseo_s2-sr_v200,2023-12-16,No candidate scene
ch.swisstopo.swisseo_s2-sr_v200,2023-12-21,No candidate scene
ch.swisstopo.swisseo_s2-sr_v200,2023-12-26,No candidate scene
ch.swisstopo.swisseo_s2-sr_v200,2023-12-28,cloudy
ch.swisstopo.swisseo_s2-sr_v200,2023-12-31,No candidate scene
ch.swisstopo.swisseo_s2-sr_v200,2024-01-02,cloudy
ch.swisstopo.swisseo_s2-sr_v200,2024-01-05,No candidate scene
ch.swisstopo.swisseo_s2-sr_v200,2024-01-07,cloudy
ch.swisstopo.swisseo_s2-sr_v200,2024-01-10,No candidate scene
ch.swisstopo.swisseo_s2-sr_v200,2024-01-15,No candidate scene
ch.swisstopo.swisseo_s2-sr_v200,2024-01-17,cloudy
ch.swisstopo.swisseo_s2-sr_v200,2024-01-18,Tile upload incomplete
ch.swisstopo.swisseo_s2-sr_v200,2024-01-20,No candidate scene
ch.swisstopo.swisseo_s2-sr_v200,2024-01-22,cloudy
ch.swisstopo.swisseo_s2-sr_v200,2024-01-25,No candidate scene
ch.swisstopo.swisseo_s2-sr_v200,2024-01-28,Tile upload incomplete
ch.swisstopo.swisseo_s2-sr_v200,2024-01-30,No candidate scene
ch.swisstopo.swisseo_s2-sr_v200,2024-02-01,cloudy
ch.swisstopo.swisseo_s2-sr_v200,2024-02-02,Tile upload incomplete
ch.swisstopo.swisseo_s2-sr_v200,2024-02-04,No candidate scene
ch.swisstopo.swisseo_s2-sr_v200,2024-02-07,Tile upload incomplete
ch.swisstopo.swisseo_s2-sr_v200,2024-02-09,No candidate scene
ch.swisstopo.swisseo_s2-sr_v200,2024-02-11,cloudy
ch.swisstopo.swisseo_s2-sr_v200,2024-02-14,No candidate scene
ch.swisstopo.swisseo_s2-sr_v200,2024-02-16,cloudy
ch.swisstopo.swisseo_s2-sr_v200,2024-02-19,No candidate scene
ch.swisstopo.swisseo_s2-sr_v200,2024-02-21,cloudy
ch.swisstopo.swisseo_s2-sr_v200,2024-02-22,cloudy
ch.swisstopo.swisseo_s2-sr_v200,2024-02-24,No candidate scene
ch.swisstopo.swisseo_s2-sr_v200,2024-02-26,cloudy
ch.swisstopo.swisseo_s2-sr_v200,2024-02-27,cloudy
ch.swisstopo.swisseo_s2-sr_v200,2024-02-28,cloudy
ch.swisstopo.swisseo_s2-sr_v200,2024-02-29,No candidate scene
ch.swisstopo.swisseo_s2-sr_v200,2024-03-01,cloudy
ch.swisstopo.swisseo_s2-sr_v200,2024-03-02,cloudy
ch.swisstopo.swisseo_s2-sr_v200,2024-03-05,No candidate scene
ch.swisstopo.swisseo_s2-sr_v200,2024-03-10,No candidate scene
ch.swisstopo.swisseo_s2-sr_v200,2024-03-12,cloudy
ch.swisstopo.swisseo_s2-sr_v200,2024-03-15,No candidate scene
ch.swisstopo.swisseo_s2-sr_v200,2024-03-17,cloudy
ch.swisstopo.swisseo_s2-sr_v200,2024-03-18,cloudy
ch.swisstopo.swisseo_s2-sr_v200,2024-03-20,No candidate scene
ch.swisstopo.swisseo_s2-sr_v200,2024-03-25,No candidate scene
ch.swisstopo.swisseo_s2-sr_v200,2024-03-27,cloudy
ch.swisstopo.swisseo_s2-sr_v200,2024-03-28,cloudy
ch.swisstopo.swisseo_s2-sr_v200,2024-03-30,No candidate scene
ch.swisstopo.swisseo_s2-sr_v200,2024-04-01,cloudy
ch.swisstopo.swisseo_s2-sr_v200,2024-04-03,cloudy
ch.swisstopo.swisseo_s2-sr_v200,2024-04-04,No candidate scene
ch.swisstopo.swisseo_s2-sr_v200,2024-04-09,No candidate scene
ch.swisstopo.swisseo_s2-sr_v200,2024-04-14,No candidate scene
ch.swisstopo.swisseo_s2-sr_v200,2024-04-15,cloudy
ch.swisstopo.swisseo_s2-sr_v200,2024-04-19,No candidate scene
ch.swisstopo.swisseo_s2-sr_v200,2024-04-21,cloudy
ch.swisstopo.swisseo_s2-sr_v200,2024-04-22,cloudy
ch.swisstopo.swisseo_s2-sr_v200,2024-04-24,No candidate scene
ch.swisstopo.swisseo_s2-sr_v200,2024-04-26,cloudy
ch.swisstopo.swisseo_s2-sr_v200,2024-04-28,cloudy
ch.swisstopo.swisseo_s2-sr_v200,2024-04-29,No candidate scene
ch.swisstopo.swisseo_s2-sr_v200,2024-05-01,cloudy
ch.swisstopo.swisseo_s2-sr_v200,2024-05-02,cloudy
ch.swisstopo.swisseo_s2-sr_v200,2024-05-04,No candidate scene
ch.swisstopo.swisseo_s2-sr_v200,2024-05-06,cloudy
ch.swisstopo.swisseo_s2-sr_v200,2024-05-07,cloudy
ch.swisstopo.swisseo_s2-sr_v200,2024-05-09,No candidate scene
ch.swisstopo.swisseo_s2-sr_v200,2024-05-12,No candidate scene
ch.swisstopo.swisseo_s2-sr_v200,2024-05-14,No candidate scene
ch.swisstopo.swisseo_s2-sr_v200,2024-05-15,cloudy
ch.swisstopo.swisseo_s2-sr_v200,2024-05-16,cloudy
ch.swisstopo.swisseo_s2-sr_v200,2024-05-19,No candidate scene
ch.swisstopo.swisseo_s2-sr_v200,2024-05-23,cloudy
ch.swisstopo.swisseo_s2-sr_v200,2024-05-24,No candidate scene
ch.swisstopo.swisseo_s2-sr_v200,2024-05-26,cloudy
ch.swisstopo.swisseo_s2-sr_v200,2024-05-27,cloudy
ch.swisstopo.swisseo_s2-sr_v200,2024-05-29,No candidate scene
ch.swisstopo.swisseo_s2-sr_v200,2024-05-31,cloudy
ch.swisstopo.swisseo_s2-sr_v200,2024-06-01,cloudy
ch.swisstopo.swisseo_s2-sr_v200,2024-06-02,cloudy
ch.swisstopo.swisseo_s2-sr_v200,2024-06-03,No candidate scene
ch.swisstopo.swisseo_s2-sr_v200,2024-06-08,No candidate scene
ch.swisstopo.swisseo_s2-sr_v200,2024-06-11,cloudy
ch.swisstopo.swisseo_s2-sr_v200,2024-06-13,No candidate scene
ch.swisstopo.swisseo_s2-sr_v200,2024-06-14,cloudy
ch.swisstopo.swisseo_s2-sr_v200,2024-06-18,No candidate scene
ch.swisstopo.swisseo_s2-sr_v200,2024-06-20,cloudy
ch.swisstopo.swisseo_s2-sr_v200,2024-06-23,No candidate scene
ch.swisstopo.swisseo_s2-sr_v200,2024-06-26,cloudy
ch.swisstopo.swisseo_s2-sr_v200,2024-06-28,No candidate scene
ch.swisstopo.swisseo_s2-sr_v200,2024-06-30,cloudy
ch.swisstopo.swisseo_s2-sr_v200,2024-07-01,cloudy
ch.swisstopo.swisseo_s2-sr_v200,2024-07-03,No candidate scene
ch.swisstopo.swisseo_s2-sr_v200,2024-07-08,No candidate scene
ch.swisstopo.swisseo_s2-sr_v200,2024-07-10,cloudy
ch.swisstopo.swisseo_s2-sr_v200,2024-07-13,No candidate scene
ch.swisstopo.swisseo_s2-sr_v200,2024-07-16,cloudy
ch.swisstopo.swisseo_s2-sr_v200,2024-07-18,No candidate scene
ch.swisstopo.swisseo_s2-sr_v200,2024-07-23,No candidate scene
ch.swisstopo.swisseo_s2-sr_v200,2024-07-28,No candidate scene
ch.swisstopo.swisseo_s2-sr_v200,2024-08-02,No candidate scene
ch.swisstopo.swisseo_s2-sr_v200,2024-08-07,No candidate scene
ch.swisstopo.swisseo_s2-sr_v200,2024-08-12,No candidate scene
ch.swisstopo.swisseo_s2-sr_v200,2024-08-17,No candidate scene
ch.swisstopo.swisseo_s2-sr_v200,2024-08-22,No candidate scene
ch.swisstopo.swisseo_s2-sr_v200,2024-08-25,Tile upload incomplete
ch.swisstopo.swisseo_s2-sr_v200,2024-08-27,No candidate scene
ch.swisstopo.swisseo_s2-sr_v200,2024-09-01,No candidate scene
ch.swisstopo.swisseo_s2-sr_v200,2024-09-04,cloudy
ch.swisstopo.swisseo_s2-sr_v200,2024-09-05,cloudy
ch.swisstopo.swisseo_s2-sr_v200,2024-09-06,No candidate scene
ch.swisstopo.swisseo_s2-sr_v200,2024-09-08,cloudy
ch.swisstopo.swisseo_s2-sr_v200,2024-09-09,cloudy
ch.swisstopo.swisseo_s2-sr_v200,2024-09-11,No candidate scene
ch.swisstopo.swisseo_s2-sr_v200,2024-09-14,cloudy
ch.swisstopo.swisseo_s2-sr_v200,2024-09-16,No candidate scene
ch.swisstopo.swisseo_s2-sr_v200,2024-09-19,cloudy
ch.swisstopo.swisseo_s2-sr_v200,2024-09-21,No candidate scene
ch.swisstopo.swisseo_s2-sr_v200,2024-09-23,cloudy
ch.swisstopo.swisseo_s2-sr_v200,2024-09-26,No candidate scene
ch.swisstopo.swisseo_s2-sr_v200,2024-09-28,cloudy
ch.swisstopo.swisseo_s2-sr_v200,2024-10-01,No candidate scene
ch.swisstopo.swisseo_s2-sr_v200,2024-10-04,cloudy
ch.swisstopo.swisseo_s2-sr_v200,2024-10-06,No candidate scene
ch.swisstopo.swisseo_s2-sr_v200,2024-10-08,cloudy
ch.swisstopo.swisseo_s2-sr_v200,2024-10-11,No candidate scene
ch.swisstopo.swisseo_s2-sr_v200,2024-10-13,cloudy
ch.swisstopo.swisseo_s2-sr_v200,2024-10-14,cloudy
ch.swisstopo.swisseo_s2-sr_v200,2024-10-16,No candidate scene
ch.swisstopo.swisseo_s2-sr_v200,2024-10-18,cloudy
ch.swisstopo.swisseo_s2-sr_v200,2024-10-19,cloudy
ch.swisstopo.swisseo_s2-sr_v200,2024-10-21,No candidate scene
ch.swisstopo.swisseo_s2-sr_v200,2024-10-23,cloudy
ch.swisstopo.swisseo_s2-sr_v200,2024-10-26,No candidate scene
ch.swisstopo.swisseo_s2-sr_v200,2024-10-31,No candidate scene
ch.swisstopo.swisseo_s2-sr_v200,2024-11-05,No candidate scene
ch.swisstopo.swisseo_s2-sr_v200,2024-11-08,Tile upload incomplete
ch.swisstopo.swisseo_s2-sr_v200,2024-11-10,No candidate scene
ch.swisstopo.swisseo_s2-sr_v200,2024-11-12,cloudy
ch.swisstopo.swisseo_s2-sr_v200,2024-11-15,No candidate scene
ch.swisstopo.swisseo_s2-sr_v200,2024-11-17,cloudy
ch.swisstopo.swisseo_s2-sr_v200,2024-11-20,No candidate scene
ch.swisstopo.swisseo_s2-sr_v200,2024-11-21,cloudy
ch.swisstopo.swisseo_s2-sr_v200,2024-11-22,cloudy
ch.swisstopo.swisseo_s2-sr_v200,2024-11-25,No candidate scene
ch.swisstopo.swisseo_s2-sr_v200,2024-11-28,cloudy
ch.swisstopo.swisseo_s2-sr_v200,2024-11-30,No candidate scene
ch.swisstopo.swisseo_s2-sr_v200,2024-12-02,cloudy
ch.swisstopo.swisseo_s2-sr_v200,2024-12-03,cloudy
ch.swisstopo.swisseo_s2-sr_v200,2024-12-04,No candidate scene
ch.swisstopo.swisseo_s2-sr_v200,2024-12-05,No candidate scene
ch.swisstopo.swisseo_s2-sr_v200,2024-12-07,cloudy
ch.swisstopo.swisseo_s2-sr_v200,2024-12-08,cloudy
ch.swisstopo.swisseo_s2-sr_v200,2024-12-10,No candidate scene
ch.swisstopo.swisseo_s2-sr_v200,2024-12-15,No candidate scene
ch.swisstopo.swisseo_s2-sr_v200,2024-12-20,No candidate scene
ch.swisstopo.swisseo_s2-sr_v200,2024-12-22,cloudy
ch.swisstopo.swisseo_s2-sr_v200,2024-12-25,No candidate scene
ch.swisstopo.swisseo_s2-sr_v200,2024-12-30,No candidate scene
ch.swisstopo.swisseo_s2-sr_v200,2025-01-02,cloudy
ch.swisstopo.swisseo_s2-sr_v200,2025-01-04,No candidate scene
ch.swisstopo.swisseo_s2-sr_v200,2025-01-09,No candidate scene
ch.swisstopo.swisseo_s2-sr_v200,2025-01-12,Tile upload incomplete
ch.swisstopo.swisseo_s2-sr_v200,2025-01-14,No candidate scene
ch.swisstopo.swisseo_s2-sr_v200,2025-01-17,Tile upload incomplete
ch.swisstopo.swisseo_s2-sr_v200,2025-01-19,No candidate scene
ch.swisstopo.swisseo_s2-sr_v200,2025-01-24,No candidate scene
ch.swisstopo.swisseo_s2-sr_v200,2025-01-29,No candidate scene
ch.swisstopo.swisseo_s2-sr_v200,2025-01-31,cloudy
ch.swisstopo.swisseo_s2-sr_v200,2025-02-01,cloudy
ch.swisstopo.swisseo_s2-sr_v200,2025-02-03,No candidate scene
ch.swisstopo.swisseo_s2-sr_v200,2025-02-08,No candidate scene
ch.swisstopo.swisseo_s2-sr_v200,2025-02-10,cloudy
ch.swisstopo.swisseo_s2-sr_v200,2025-02-13,No candidate scene
ch.swisstopo.swisseo_s2-sr_v200,2025-02-18,No candidate scene
ch.swisstopo.swisseo_s2-sr_v200,2025-02-23,No candidate scene
ch.swisstopo.swisseo_s2-sr_v200,2025-02-25,cloudy
ch.swisstopo.swisseo_s2-sr_v200,2025-02-26,cloudy
ch.swisstopo.swisseo_s2-sr_v200,2025-02-28,No candidate scene
ch.swisstopo.swisseo_s2-sr_v200,2025-03-05,No candidate scene
ch.swisstopo.swisseo_s2-sr_v200,2025-03-10,No candidate scene
ch.swisstopo.swisseo_s2-sr_v200,2025-03-12,cloudy
ch.swisstopo.swisseo_s2-sr_v200,2025-03-13,cloudy
ch.swisstopo.swisseo_s2-sr_v200,2025-03-14,cloudy
ch.swisstopo.swisseo_s2-sr_v200,2025-03-15,cloudy
ch.swisstopo.swisseo_s2-sr_v200,2025-03-16,cloudy
ch.swisstopo.swisseo_s2-sr_v200,2025-03-17,cloudy
ch.swisstopo.swisseo_s2-sr_v200,2025-03-20,No candidate scene
ch.swisstopo.swisseo_s2-sr_v200,2025-03-22,cloudy
ch.swisstopo.swisseo_s2-sr_v200,2025-03-23,cloudy
ch.swisstopo.swisseo_s2-sr_v200,2025-03-25,Tile upload incomplete
ch.swisstopo.swisseo_s2-sr_v200,2025-03-29,cloudy
ch.swisstopo.swisseo_s2-sr_v200,2025-03-30,No candidate scene
ch.swisstopo.swisseo_s2-sr_v200,2025-04-09,No candidate scene
ch.swisstopo.swisseo_s2-sr_v200,2025-04-13,cloudy
ch.swisstopo.swisseo_s2-sr_v200,2025-04-16,cloudy
ch.swisstopo.swisseo_s2-sr_v200,2025-04-17,cloudy
ch.swisstopo.swisseo_s2-sr_v200,2025-04-19,No candidate scene
ch.swisstopo.swisseo_s2-sr_v200,2025-04-23,cloudy
ch.swisstopo.swisseo_s2-sr_v200,2025-04-24,cloudy
ch.swisstopo.swisseo_s2-sr_v200,2025-04-27,cloudy
ch.swisstopo.swisseo_s2-sr_v200,2025-04-29,No candidate scene
ch.swisstopo.swisseo_s2-sr_v200,2025-05-04,cloudy
ch.swisstopo.swisseo_s2-sr_v200,2025-05-06,cloudy
ch.swisstopo.swisseo_s2-sr_v200,2025-05-07,cloudy
ch.swisstopo.swisseo_s2-sr_v200,2025-05-09,No candidate scene
ch.swisstopo.swisseo_s2-sr_v200,2025-05-19,No candidate scene
ch.swisstopo.swisseo_s2-sr_v200,2025-05-22,cloudy
ch.swisstopo.swisseo_s2-sr_v200,2025-05-27,cloudy
ch.swisstopo.swisseo_s2-sr_v200,2025-05-28,cloudy
ch.swisstopo.swisseo_s2-sr_v200,2025-05-29,No candidate scene
ch.swisstopo.swisseo_s2-sr_v200,2025-06-02,cloudy
ch.swisstopo.swisseo_s2-sr_v200,2025-06-05,cloudy
ch.swisstopo.swisseo_s2-sr_v200,2025-06-08,No candidate scene
ch.swisstopo.swisseo_s2-sr_v200,2025-06-18,No candidate scene
ch.swisstopo.swisseo_s2-sr_v200,2025-06-20,No candidate scene
ch.swisstopo.swisseo_s2-sr_v200,2025-06-24,No candidate scene
ch.swisstopo.swisseo_s2-sr_v200,2025-06-28,No candidate scene
ch.swisstopo.swisseo_s2-sr_v200,2025-07-08,No candidate scene
ch.swisstopo.swisseo_s2-sr_v200,2025-07-16,cloudy
ch.swisstopo.swisseo_s2-sr_v200,2025-07-18,No candidate scene
ch.swisstopo.swisseo_s2-sr_v200,2025-07-20,cloudy
ch.swisstopo.swisseo_s2-sr_v200,2025-07-21,cloudy
ch.swisstopo.swisseo_s2-sr_v200,2025-07-26,cloudy
ch.swisstopo.swisseo_s2-sr_v200,2025-07-28,No candidate scene
ch.swisstopo.swisseo_s2-sr_v200,2025-07-31,cloudy
ch.swisstopo.swisseo_s2-sr_v200,2025-08-02,cloudy
ch.swisstopo.swisseo_s2-sr_v200,2025-08-04,cloudy
ch.swisstopo.swisseo_s2-sr_v200,2025-08-05,cloudy
ch.swisstopo.swisseo_s2-sr_v200,2025-08-07,No candidate scene
ch.swisstopo.swisseo_s2-sr_v200,2025-08-09,No candidate scene
ch.swisstopo.swisseo_s2-sr_v200,2025-08-10,No candidate scene
ch.swisstopo.swisseo_s2-sr_v200,2025-08-12,Tile upload incomplete
ch.swisstopo.swisseo_s2-sr_v200,2025-08-17,No candidate scene
ch.swisstopo.swisseo_s2-sr_v200,2025-08-19,cloudy
ch.swisstopo.swisseo_s2-sr_v200,2025-08-20,cloudy
ch.swisstopo.swisseo_s2-sr_v200,2025-08-21,cloudy
ch.swisstopo.swisseo_s2-sr_v200,2025-08-24,No candidate scene
ch.swisstopo.swisseo_s2-sr_v200,2025-08-27,No candidate scene
ch.swisstopo.swisseo_s2-sr_v200,2025-08-28,cloudy
ch.swisstopo.swisseo_s2-sr_v200,2025-08-30,cloudy
ch.swisstopo.swisseo_s2-sr_v200,2025-09-01,cloudy
ch.swisstopo.swisseo_s2-sr_v200,2025-09-06,No candidate scene
ch.swisstopo.swisseo_s2-sr_v200,2025-09-08,No candidate scene
ch.swisstopo.swisseo_s2-sr_v200,2025-09-09,No candidate scene
ch.swisstopo.swisseo_s2-sr_v200,2025-09-11,Tile upload incomplete
ch.swisstopo.swisseo_s2-sr_v200,2025-09-13,cloudy
ch.swisstopo.swisseo_s2-sr_v200,2025-09-16,No candidate scene
ch.swisstopo.swisseo_s2-sr_v200,2025-09-23,cloudy
ch.swisstopo.swisseo_s2-sr_v200,2025-09-26,No candidate scene
ch.swisstopo.swisseo_s2-sr_v200,2025-10-03,cloudy
ch.swisstopo.swisseo_s2-sr_v200,2025-10-06,No candidate scene
ch.swisstopo.swisseo_s2-sr_v200,2025-10-16,No candidate scene
ch.swisstopo.swisseo_s2-sr_v200,2025-10-20,cloudy
ch.swisstopo.swisseo_s2-sr_v200,2025-10-21,cloudy
ch.swisstopo.swisseo_s2-sr_v200,2025-10-23,cloudy
ch.swisstopo.swisseo_s2-sr_v200,2025-10-26,No candidate scene
ch.swisstopo.swisseo_s2-sr_v200,2025-10-31,cloudy
ch.swisstopo.swisseo_s2-sr_v200,2025-11-02,cloudy
ch.swisstopo.swisseo_s2-sr_v200,2025-11-05,No candidate scene
ch.swisstopo.swisseo_s2-sr_v200,2025-11-10,Tile upload incomplete
ch.swisstopo.swisseo_s2-sr_v200,2025-11-15,No candidate scene
ch.swisstopo.swisseo_s2-sr_v200,2025-11-16,cloudy
ch.swisstopo.swisseo_s2-sr_v200,2025-11-17,cloudy
ch.swisstopo.swisseo_s2-sr_v200,2025-11-21,cloudy
ch.swisstopo.swisseo_s2-sr_v200,2025-11-24,cloudy
ch.swisstopo.swisseo_s2-sr_v200,2025-11-25,No candidate scene
ch.swisstopo.swisseo_s2-sr_v200,2025-12-05,No candidate scene
ch.swisstopo.swisseo_s2-sr_v200,2025-12-07,cloudy
ch.swisstopo.swisseo_s2-sr_v200,2025-12-10,Tile upload incomplete
ch.swisstopo.swisseo_s2-sr_v200,2025-12-15,No candidate scene
ch.swisstopo.swisseo_s2-sr_v200,2025-12-16,cloudy
ch.swisstopo.swisseo_s2-sr_v200,2025-12-19,cloudy
ch.swisstopo.swisseo_s2-sr_v200,2025-12-20,Tile upload incomplete
ch.swisstopo.swisseo_s2-sr_v200,2025-12-22,cloudy
ch.swisstopo.swisseo_s2-sr_v200,2025-12-25,No candidate scene
ch.swisstopo.swisseo_s2-sr_v200,2026-01-04,No candidate scene
ch.swisstopo.swisseo_s2-sr_v200,2026-01-14,No candidate scene
ch.swisstopo.swisseo_s2-sr_v200,2026-01-19,No candidate scene
ch.swisstopo.swisseo_s2-sr_v200,2026-01-24,No candidate scene
ch.swisstopo.swisseo_s2-sr_v200,2026-01-28,cloudy
ch.swisstopo.swisseo_s2-sr_v200,2026-01-29,No candidate scene
ch.swisstopo.swisseo_s2-sr_v200,2026-02-03,No candidate scene
ch.swisstopo.swisseo_s2-sr_v200,2026-02-05,No candidate scene
ch.swisstopo.swisseo_s2-sr_v200,2026-02-06,cloudy
ch.swisstopo.swisseo_s2-sr_v200,2026-02-08,No candidate scene
ch.swisstopo.swisseo_s2-sr_v200,2026-02-10,cloudy
ch.swisstopo.swisseo_s2-sr_v200,2026-02-12,cloudy
ch.swisstopo.swisseo_s2-sr_v200,2026-02-13,No candidate scene
ch.swisstopo.swisseo_s2-sr_v200,2026-02-14,cloudy
ch.swisstopo.swisseo_s2-sr_v200,2026-02-15,cloudy
ch.swisstopo.swisseo_s2-sr_v200,2026-02-16,cloudy
ch.swisstopo.swisseo_s2-sr_v200,2026-02-18,No candidate scene
ch.swisstopo.swisseo_s2-sr_v200,2026-02-19,cloudy
ch.swisstopo.swisseo_s2-sr_v200,2026-02-20,cloudy
ch.swisstopo.swisseo_s2-sr_v200,2026-02-23,No candidate scene
ch.swisstopo.swisseo_s2-sr_v200,2026-02-28,No candidate scene
ch.swisstopo.swisseo_s2-sr_v200,2026-03-05,No candidate scene
ch.swisstopo.swisseo_s2-sr_v200,2026-03-14,cloudy
ch.swisstopo.swisseo_s2-sr_v200,2026-03-15,No candidate scene
ch.swisstopo.swisseo_s2-sr_v200,2026-03-22,cloudy
ch.swisstopo.swisseo_s2-sr_v200,2026-03-24,No candidate scene
ch.swisstopo.swisseo_s2-sr_v200,2026-03-25,No candidate scene
ch.swisstopo.swisseo_s2-sr_v200,2026-04-04,No candidate scene
ch.swisstopo.swisseo_s2-sr_v200,2026-04-12,cloudy
ch.swisstopo.swisseo_s2-sr_v200,2026-04-13,cloudy
ch.swisstopo.swisseo_s2-sr_v200,2026-04-14,No candidate scene
ch.swisstopo.swisseo_s2-sr_v200,2026-04-19,cloudy
ch.swisstopo.swisseo_s2-sr_v200,2026-04-24,No candidate scene
ch.swisstopo.swisseo_s2-sr_v200,2026-04-28,cloudy
ch.swisstopo.swisseo_s2-sr_v200,2026-04-29,cloudy
ch.swisstopo.swisseo_s2-sr_v200,2026-05-04,No candidate scene
ch.swisstopo.swisseo_s2-sr_v200,2026-05-05,cloudy
ch.swisstopo.swisseo_s2-sr_v200,2026-05-06,cloudy
ch.swisstopo.swisseo_s2-sr_v200,2026-05-10,cloudy
ch.swisstopo.swisseo_s2-sr_v200,2026-05-11,cloudy
ch.swisstopo.swisseo_s2-sr_v200,2026-05-14,No candidate scene
ch.swisstopo.swisseo_s2-sr_v200,2026-05-15,cloudy
ch.swisstopo.swisseo_s2-sr_v200,2026-05-18,cloudy
ch.swisstopo.swisseo_s2-sr_v200,2026-05-24,No candidate scene
ch.swisstopo.swisseo_s2-sr_v200,2026-06-03,No candidate scene
ch.swisstopo.swisseo_s2-sr_v200,2026-06-06,cloudy
ch.swisstopo.swisseo_s2-sr_v200,2026-06-09,cloudy
ch.swisstopo.swisseo_s2-sr_v200,2026-06-10,cloudy
ch.swisstopo.swisseo_s2-sr_v200,2026-06-13,No candidate scene
ch.swisstopo.swisseo_s2-sr_v200,2026-06-16,cloudy
ch.swisstopo.swisseo_s2-sr_v200,2026-06-23,No candidate scene
ch.swisstopo.swisseo_s2-sr_v200,2026-07-01,cloudy
ch.swisstopo.swisseo_s2-sr_v200,2026-07-03,No candidate scene
ch.swisstopo.swisseo_s2-sr_v200,2026-07-08,Tile upload incomplete: [22]
ch.swisstopo.swisseo_s2-sr_v200,2026-07-13,No candidate scene
ch.swisstopo.swisseo_s2-sr_v200,2026-07-15,cloudy
ch.swisstopo.swisseo_s2-sr_v200,2026-07-23,No candidate scene
ch.swisstopo.swisseo_s2-sr_v200,2026-07-25,cloudy
ch.swisstopo.swisseo_s2-sr_v200,2026-07-26,cloudy
ch.swisstopo.swisseo_s2-sr_v200,2026-08-02,No candidate scene
ch.swisstopo.swisseo_s2-sr_v200,2026-08-07,cloudy
ch.swisstopo.swisseo_s2-sr_v200,2026-08-09,cloudy
ch.swisstopo.swisseo_s2-sr_v200,2026-08-12,No candidate scene
ch.swisstopo.swisseo_s2-sr_v200,2026-08-17,cloudy
ch.swisstopo.swisseo_s2-sr_v200,2026-08-20,cloudy
ch.swisstopo.swisseo_s2-sr_v200,2026-08-22,No candidate scene
ch.swisstopo.swisseo_s2-sr_v200,2026-08-25,cloudy
ch.swisstopo.swisseo_s2-sr_v200,2026-09-01,No candidate scene
ch.swisstopo.swisseo_s2-sr_v200,2026-09-09,cloudy
ch.swisstopo.swisseo_s2-sr_v200,2026-09-11,No candidate scene
ch.swisstopo.swisseo_s2-sr_v200,2026-09-21,No candidate scene
ch.swisstopo.swisseo_s2-sr_v200,2026-09-22,Tiles ready awaiting GPU system run
